age_from_months,age_to_months,systolic_p50,mean_p50,diastolic_p50,systolic_sd,mean_sd,diastolic_sd
0,1,52.0,35.5,26.0,13.75,9.75,8.50
1,2,62.5,40.5,29.5,13.25,9.25,7.75
2,3,66.0,42.0,31.0,13.00,9.50,8.00
3,4,69.0,43.5,31.5,12.75,9.00,7.75
4,5,71.0,44.5,32.0,13.00,9.00,8.00
5,6,72.5,45.5,32.5,12.75,9.00,7.75
6,9,73.5,46.0,33.5,12.50,8.75,7.75
9,12,77.0,48.0,34.5,12.25,9.00,7.75
12,24,79.0,49.0,35.0,12.25,8.75,7.75
24,36,84.0,51.5,37.0,12.25,9.25,8.25
36,48,86.5,53.5,38.5,12.25,9.25,8.50
48,60,89.0,54.5,39.5,12.50,9.75,8.75
60,72,90.0,55.5,40.0,13.00,10.25,9.25
72,96,91.0,56.5,41.0,13.25,10.25,9.25
96,120,93.0,58.5,42.5,13.50,11.00,9.75
120,144,94.0,60.0,43.5,13.75,11.00,9.75
144,168,94.5,61.0,45.0,13.75,11.50,9.75
168,192,96.0,62.5,46.0,13.50,11.75,9.75
192,216,97.5,63.5,47.5,13.50,11.50,9.75
216,228,99.0,65.5,49.5,13.50,11.75,9.75
