sex,age_months,l,m,s
1,0,1.267004,49.988884,0.053112
1,1,0.029497,54.662202,0.046405
1,2,-0.721420,58.118691,0.042956
1,3,-1.138216,60.842977,0.041125
1,4,-1.358075,63.146932,0.040044
1,5,-1.453444,65.171089,0.039379
1,6,-1.466707,66.992747,0.038968
1,7,-1.424368,68.659632,0.038723
1,8,-1.343807,70.203562,0.038590
1,9,-1.236817,71.646950,0.038537
1,10,-1.111623,73.006258,0.038540
1,11,-0.974063,74.293976,0.038584
1,12,-0.828354,75.519836,0.038659
1,13,-0.677586,76.691587,0.038757
1,14,-0.524034,77.815511,0.038871
1,15,-0.369390,78.896782,0.038998
1,16,-0.214911,79.939718,0.039133
1,17,-0.061536,80.947965,0.039275
1,18,0.090040,81.924636,0.039420
1,19,0.239303,82.872409,0.039569
1,20,0.385879,83.793607,0.039720
1,21,0.529500,84.690265,0.039871
1,22,0.669992,85.564173,0.040022
1,23,0.807220,86.416912,0.040172
1,24,0.941104,87.249892,0.040321
1,25,0.922230,88.057041,0.040487
1,26,0.759372,88.837869,0.040650
1,27,0.610136,89.599378,0.040778
1,28,0.473238,90.342950,0.040871
1,29,0.347230,91.069743,0.040931
1,30,0.230626,91.780751,0.040959
1,31,0.121967,92.476848,0.040958
1,32,0.019862,93.158826,0.040929
1,33,-0.076986,93.827422,0.040876
1,34,-0.169770,94.483347,0.040801
1,35,-0.259571,95.127300,0.040706
1,36,-0.347386,94.959980,0.040594
1,37,-0.322860,95.594170,0.040553
1,38,-0.190228,96.231046,0.040595
1,39,-0.064411,96.859628,0.040642
1,40,0.054872,97.480445,0.040694
1,41,0.167834,98.094003,0.040752
1,42,0.274643,98.700786,0.040815
1,43,0.375446,99.301260,0.040884
1,44,0.470357,99.895871,0.040957
1,45,0.559474,100.485042,0.041036
1,46,0.642883,101.069180,0.041119
1,47,0.720665,101.648673,0.041207
1,48,0.792898,102.223890,0.041298
1,49,0.859662,102.795179,0.041392
1,50,0.921039,103.362875,0.041490
1,51,0.977111,103.927289,0.041590
1,52,1.027983,104.488719,0.041693
1,53,1.073751,105.047445,0.041797
1,54,1.114510,105.603723,0.041903
1,55,1.150378,106.157798,0.042009
1,56,1.181475,106.709896,0.042116
1,57,1.207925,107.260222,0.042223
1,58,1.229860,107.808969,0.042330
1,59,1.247419,108.356308,0.042436
1,60,1.260744,108.902395,0.042541
1,61,1.269987,109.447370,0.042645
1,62,1.275302,109.991354,0.042747
1,63,1.276849,110.534455,0.042847
1,64,1.274794,111.076762,0.042945
1,65,1.269308,111.618348,0.043041
1,66,1.260565,112.159273,0.043135
1,67,1.248747,112.699579,0.043225
1,68,1.234036,113.239297,0.043313
1,69,1.216623,113.778439,0.043398
1,70,1.196702,114.317008,0.043480
1,71,1.174468,114.854990,0.043560
1,72,1.150120,115.392359,0.043636
1,73,1.123865,115.929078,0.043709
1,74,1.095911,116.465097,0.043780
1,75,1.066470,117.000356,0.043848
1,76,1.035753,117.534785,0.043914
1,77,1.003975,118.068302,0.043978
1,78,0.971350,118.600817,0.044039
1,79,0.938094,119.132232,0.044098
1,80,0.904420,119.662441,0.044156
1,81,0.870541,120.191332,0.044213
1,82,0.836667,120.718785,0.044268
1,83,0.803001,121.244675,0.044322
1,84,0.769745,121.768874,0.044376
1,85,0.737092,122.291249,0.044430
1,86,0.705228,122.811664,0.044484
1,87,0.674329,123.329982,0.044538
1,88,0.644570,123.846065,0.044593
1,89,0.616101,124.359774,0.044649
1,90,0.589056,124.870967,0.044707
1,91,0.563570,125.379510,0.044765
1,92,0.539756,125.885267,0.044826
1,93,0.517712,126.388106,0.044889
1,94,0.497519,126.887901,0.044954
1,95,0.479243,127.384529,0.045021
1,96,0.462929,127.877873,0.045091
1,97,0.448606,128.367824,0.045164
1,98,0.436285,128.854280,0.045240
1,99,0.425959,129.337147,0.045319
1,100,0.417601,129.816341,0.045401
1,101,0.411169,130.291788,0.045486
1,102,0.406603,130.763426,0.045574
1,103,0.403828,131.231204,0.045665
1,104,0.402751,131.695083,0.045759
1,105,0.403268,132.155039,0.045856
1,106,0.405260,132.611063,0.045956
1,107,0.408596,133.063161,0.046059
1,108,0.413135,133.511352,0.046164
1,109,0.418727,133.955678,0.046271
1,110,0.425215,134.396194,0.046381
1,111,0.432435,134.832975,0.046493
1,112,0.440218,135.266118,0.046607
1,113,0.448396,135.695737,0.046722
1,114,0.456796,136.121969,0.046838
1,115,0.465249,136.544975,0.046956
1,116,0.473586,136.964936,0.047074
1,117,0.481644,137.382059,0.047193
1,118,0.489265,137.796575,0.047312
1,119,0.496300,138.208741,0.047432
1,120,0.502608,138.618841,0.047551
1,121,0.508062,139.027185,0.047669
1,122,0.512544,139.434113,0.047787
1,123,0.515955,139.839990,0.047904
1,124,0.518211,140.245213,0.048020
1,125,0.519248,140.650207,0.048135
1,126,0.519021,141.055427,0.048248
1,127,0.517511,141.461355,0.048360
1,128,0.514720,141.868506,0.048469
1,129,0.510680,142.277419,0.048577
1,130,0.505450,142.688663,0.048683
1,131,0.499122,143.102832,0.048786
1,132,0.491818,143.520545,0.048888
1,133,0.483695,143.942441,0.048987
1,134,0.474944,144.369179,0.049083
1,135,0.465792,144.801430,0.049178
1,136,0.456503,145.239878,0.049270
1,137,0.447373,145.685207,0.049359
1,138,0.438732,146.138103,0.049446
1,139,0.430940,146.599240,0.049531
1,140,0.424383,147.069272,0.049613
1,141,0.419471,147.548828,0.049692
1,142,0.416624,148.038496,0.049769
1,143,0.416274,148.538815,0.049842
1,144,0.418848,149.050259,0.049913
1,145,0.424763,149.573228,0.049981
1,146,0.434412,150.108033,0.050044
1,147,0.448158,150.654880,0.050104
1,148,0.466317,151.213861,0.050159
1,149,0.489151,151.784939,0.050209
1,150,0.516859,152.367939,0.050253
1,151,0.549566,152.962535,0.050290
1,152,0.587318,153.568247,0.050320
1,153,0.630080,154.184435,0.050341
1,154,0.677732,154.810297,0.050352
1,155,0.730069,155.444873,0.050353
1,156,0.786809,156.087047,0.050342
1,157,0.847594,156.735564,0.050318
1,158,0.912000,157.389035,0.050281
1,159,0.979550,158.045961,0.050229
1,160,1.049715,158.704746,0.050162
1,161,1.121935,159.363725,0.050080
1,162,1.195628,160.021183,0.049981
1,163,1.270199,160.675388,0.049865
1,164,1.345051,161.324605,0.049733
1,165,1.419597,161.967132,0.049584
1,166,1.493265,162.601316,0.049420
1,167,1.565515,163.225583,0.049240
1,168,1.635827,163.838447,0.049046
1,169,1.703715,164.438534,0.048838
1,170,1.768740,165.024598,0.048618
1,171,1.830501,165.595524,0.048386
1,172,1.888642,166.150340,0.048144
1,173,1.942850,166.688222,0.047894
1,174,1.992858,167.208491,0.047637
1,175,2.038446,167.710614,0.047374
1,176,2.079438,168.194199,0.047107
1,177,2.115704,168.658991,0.046837
1,178,2.147160,169.104860,0.046566
1,179,2.173764,169.531795,0.046295
1,180,2.195515,169.939895,0.046024
1,181,2.212455,170.329356,0.045756
1,182,2.224661,170.700460,0.045492
1,183,2.232250,171.053568,0.045231
1,184,2.235370,171.389103,0.044976
1,185,2.234200,171.707546,0.044726
1,186,2.228947,172.009422,0.044483
1,187,2.219840,172.295292,0.044246
1,188,2.207130,172.565746,0.044017
1,189,2.191084,172.821392,0.043796
1,190,2.171984,173.062851,0.043583
1,191,2.150115,173.290751,0.043378
1,192,2.125774,173.505721,0.043182
1,193,2.099257,173.708385,0.042994
1,194,2.070855,173.899359,0.042814
1,195,2.040858,174.079247,0.042643
1,196,2.009547,174.248640,0.042480
1,197,1.977194,174.408110,0.042325
1,198,1.944055,174.558210,0.042179
1,199,1.910376,174.699474,0.042040
1,200,1.876384,174.832413,0.041909
1,201,1.842291,174.957516,0.041786
1,202,1.808292,175.075252,0.041669
1,203,1.774563,175.186064,0.041560
1,204,1.741263,175.290373,0.041458
1,205,1.708532,175.388581,0.041362
1,206,1.676493,175.481063,0.041272
1,207,1.645255,175.568177,0.041188
1,208,1.614906,175.650259,0.041110
1,209,1.585523,175.727625,0.041038
1,210,1.557167,175.800571,0.040971
1,211,1.529886,175.869377,0.040909
1,212,1.503716,175.934304,0.040851
1,213,1.478682,175.995597,0.040798
1,214,1.454798,176.053485,0.040749
1,215,1.432071,176.108182,0.040704
1,216,1.410498,176.159890,0.040663
1,217,1.390070,176.208796,0.040626
1,218,1.370772,176.255074,0.040592
1,219,1.352583,176.298889,0.040561
1,220,1.335479,176.340394,0.040533
1,221,1.319432,176.379729,0.040508
1,222,1.304409,176.417030,0.040485
1,223,1.290377,176.452419,0.040465
1,224,1.277299,176.486013,0.040447
1,225,1.265140,176.517920,0.040431
1,226,1.253860,176.548240,0.040418
1,227,1.243422,176.577067,0.040406
1,228,1.233786,176.604491,0.040396
1,229,1.224913,176.630592,0.040387
1,230,1.216766,176.655447,0.040380
1,231,1.209307,176.679129,0.040374
1,232,1.202498,176.701703,0.040370
1,233,1.196303,176.723232,0.040367
1,234,1.190687,176.743775,0.040365
1,235,1.185616,176.763386,0.040363
1,236,1.181058,176.782117,0.040363
1,237,1.176979,176.800015,0.040364
1,238,1.173350,176.817126,0.040365
1,239,1.170141,176.833490,0.040367
1,240,1.167279,176.849232,0.040370
2,0,-1.295961,49.286396,0.050086
2,1,-0.430016,53.484854,0.045131
2,2,0.213034,56.689974,0.042580
2,3,0.660076,59.276813,0.041211
2,4,0.970431,61.498252,0.040392
2,5,1.185036,63.471512,0.039883
2,6,1.331469,65.262372,0.039566
2,7,1.428581,66.912080,0.039375
2,8,1.489518,68.448490,0.039271
2,9,1.523626,69.891438,0.039229
2,10,1.537671,71.255628,0.039233
2,11,1.536622,72.552314,0.039271
2,12,1.524181,73.790327,0.039333
2,13,1.503137,74.976749,0.039415
2,14,1.475612,76.117357,0.039511
2,15,1.443232,77.216934,0.039618
2,16,1.407257,78.279497,0.039734
2,17,1.368663,79.308451,0.039857
2,18,1.328214,80.306717,0.039984
2,19,1.286509,81.276818,0.040114
2,20,1.244018,82.220955,0.040247
2,21,1.201111,83.141056,0.040382
2,22,1.158079,84.038828,0.040518
2,23,1.115148,84.915784,0.040655
2,24,1.072502,85.773277,0.040791
2,25,1.046612,86.643790,0.041001
2,26,1.027272,87.523702,0.041246
2,27,0.991567,88.376580,0.041425
2,28,0.945836,89.200765,0.041555
2,29,0.894676,89.995139,0.041651
2,30,0.841383,90.759092,0.041723
2,31,0.788251,91.492480,0.041779
2,32,0.736809,92.195589,0.041825
2,33,0.687992,92.869090,0.041867
2,34,0.642304,93.513999,0.041908
2,35,0.599921,94.131638,0.041950
2,36,0.560769,93.923590,0.041995
2,37,0.526705,94.504895,0.042061
2,38,0.497115,95.085176,0.042152
2,39,0.469160,95.660423,0.042250
2,40,0.442336,96.231688,0.042353
2,41,0.416251,96.799911,0.042459
2,42,0.390615,97.365926,0.042567
2,43,0.365217,97.930473,0.042676
2,44,0.339913,98.494198,0.042785
2,45,0.314613,99.057664,0.042894
2,46,0.289270,99.621355,0.043001
2,47,0.263871,100.185682,0.043106
2,48,0.238432,100.750989,0.043209
2,49,0.212989,101.317558,0.043310
2,50,0.187592,101.885613,0.043408
2,51,0.162307,102.455323,0.043504
2,52,0.137203,103.026809,0.043596
2,53,0.112360,103.600146,0.043686
2,54,0.087856,104.175367,0.043774
2,55,0.063773,104.752468,0.043858
2,56,0.040194,105.331407,0.043940
2,57,0.017197,105.912110,0.044019
2,58,-0.005140,106.494475,0.044096
2,59,-0.026743,107.078371,0.044170
2,60,-0.047541,107.663644,0.044241
2,61,-0.067468,108.250115,0.044311
2,62,-0.086465,108.837590,0.044378
2,63,-0.104474,109.425853,0.044442
2,64,-0.121445,110.014673,0.044505
2,65,-0.137334,110.603808,0.044565
2,66,-0.152100,111.193002,0.044624
2,67,-0.165710,111.781989,0.044681
2,68,-0.178135,112.370496,0.044736
2,69,-0.189354,112.958242,0.044789
2,70,-0.199345,113.544945,0.044841
2,71,-0.208102,114.130316,0.044891
2,72,-0.215622,114.714065,0.044940
2,73,-0.221896,115.295903,0.044987
2,74,-0.226931,115.875544,0.045033
2,75,-0.230738,116.452700,0.045078
2,76,-0.233330,117.027092,0.045121
2,77,-0.234726,117.598444,0.045164
2,78,-0.234950,118.166487,0.045206
2,79,-0.234029,118.730960,0.045246
2,80,-0.231995,119.291612,0.045287
2,81,-0.228883,119.848200,0.045326
2,82,-0.224733,120.400496,0.045365
2,83,-0.219587,120.948281,0.045403
2,84,-0.213490,121.491352,0.045442
2,85,-0.206493,122.029519,0.045480
2,86,-0.198645,122.562609,0.045518
2,87,-0.190001,123.090465,0.045556
2,88,-0.180615,123.612946,0.045595
2,89,-0.170546,124.129934,0.045634
2,90,-0.159853,124.641326,0.045674
2,91,-0.148594,125.147042,0.045715
2,92,-0.136831,125.647023,0.045757
2,93,-0.124624,126.141233,0.045801
2,94,-0.112032,126.629661,0.045846
2,95,-0.099116,127.112317,0.045893
2,96,-0.085934,127.589241,0.045943
2,97,-0.072540,128.060497,0.045995
2,98,-0.058989,128.526180,0.046050
2,99,-0.045329,128.986413,0.046108
2,100,-0.031606,129.441349,0.046169
2,101,-0.017858,129.891175,0.046235
2,102,-0.004119,130.336110,0.046304
2,103,0.009585,130.776408,0.046378
2,104,0.023239,131.212360,0.046457
2,105,0.036836,131.644295,0.046542
2,106,0.050380,132.072579,0.046632
2,107,0.063888,132.497621,0.046728
2,108,0.077393,132.919869,0.046831
2,109,0.090939,133.339814,0.046940
2,110,0.104591,133.757991,0.047057
2,111,0.118428,134.174979,0.047180
2,112,0.132549,134.591398,0.047311
2,113,0.147069,135.007914,0.047449
2,114,0.162125,135.425234,0.047595
2,115,0.177870,135.844104,0.047749
2,116,0.194472,136.265307,0.047909
2,117,0.212118,136.689660,0.048076
2,118,0.231003,137.118006,0.048249
2,119,0.251333,137.551209,0.048428
2,120,0.273317,137.990145,0.048612
2,121,0.297163,138.435689,0.048799
2,122,0.323072,138.888708,0.048987
2,123,0.351228,139.350042,0.049177
2,124,0.381794,139.820487,0.049364
2,125,0.414902,140.300782,0.049548
2,126,0.450642,140.791581,0.049725
2,127,0.489062,141.293439,0.049894
2,128,0.530149,141.806784,0.050050
2,129,0.573831,142.331897,0.050192
2,130,0.619967,142.868888,0.050315
2,131,0.668344,143.417677,0.050416
2,132,0.718676,143.977974,0.050493
2,133,0.770600,144.549265,0.050541
2,134,0.823684,145.130803,0.050559
2,135,0.877427,145.721600,0.050544
2,136,0.931267,146.320433,0.050493
2,137,0.984597,146.925855,0.050405
2,138,1.036765,147.536205,0.050280
2,139,1.087101,148.149640,0.050117
2,140,1.134931,148.764165,0.049916
2,141,1.179593,149.377668,0.049678
2,142,1.220452,149.987964,0.049407
2,143,1.256929,150.592840,0.049104
2,144,1.288525,151.190105,0.048772
2,145,1.314825,151.777631,0.048415
2,146,1.335525,152.353397,0.048038
2,147,1.350441,152.915529,0.047644
2,148,1.359520,153.462333,0.047238
2,149,1.362844,153.992318,0.046824
2,150,1.360624,154.504217,0.046407
2,151,1.353195,154.996996,0.045991
2,152,1.341000,155.469856,0.045579
2,153,1.324574,155.922233,0.045175
2,154,1.304519,156.353783,0.044782
2,155,1.281484,156.764374,0.044402
2,156,1.256136,157.154063,0.044037
2,157,1.229140,157.523075,0.043690
2,158,1.201133,157.871787,0.043360
2,159,1.172713,158.200699,0.043050
2,160,1.144419,158.510417,0.042759
2,161,1.116723,158.801628,0.042488
2,162,1.090025,159.075081,0.042236
2,163,1.064650,159.331572,0.042002
2,164,1.040852,159.571926,0.041787
2,165,1.018814,159.796980,0.041590
2,166,0.998658,160.007576,0.041409
2,167,0.980450,160.204549,0.041244
2,168,0.964205,160.388716,0.041094
2,169,0.949907,160.560876,0.040958
2,170,0.937505,160.721798,0.040834
2,171,0.926913,160.872217,0.040722
2,172,0.918035,161.012839,0.040621
2,173,0.910765,161.144331,0.040530
2,174,0.904985,161.267325,0.040448
2,175,0.900576,161.382417,0.040374
2,176,0.897421,161.490166,0.040308
2,177,0.895402,161.591095,0.040249
2,178,0.894399,161.685691,0.040195
2,179,0.894307,161.774409,0.040147
2,180,0.895023,161.857672,0.040104
2,181,0.896450,161.935874,0.040066
2,182,0.898501,162.009376,0.040031
2,183,0.901094,162.078518,0.040000
2,184,0.904155,162.143609,0.039972
2,185,0.907617,162.204939,0.039947
2,186,0.911419,162.262773,0.039924
2,187,0.915506,162.317356,0.039903
2,188,0.919830,162.368915,0.039885
2,189,0.924346,162.417658,0.039868
2,190,0.929017,162.463779,0.039853
2,191,0.933807,162.507455,0.039839
2,192,0.938687,162.548849,0.039827
2,193,0.943630,162.588113,0.039815
2,194,0.948612,162.625386,0.039805
2,195,0.953614,162.660797,0.039795
2,196,0.958616,162.694464,0.039786
2,197,0.963605,162.726496,0.039778
2,198,0.968566,162.756995,0.039770
2,199,0.973488,162.786056,0.039763
2,200,0.978362,162.813763,0.039757
2,201,0.983178,162.840198,0.039751
2,202,0.987931,162.865434,0.039745
2,203,0.992613,162.889541,0.039740
2,204,0.997221,162.912583,0.039735
2,205,1.001750,162.934618,0.039730
2,206,1.006196,162.955702,0.039725
2,207,1.010558,162.975887,0.039721
2,208,1.014832,162.995219,0.039717
2,209,1.019019,163.013744,0.039713
2,210,1.023116,163.031502,0.039709
2,211,1.027124,163.048534,0.039705
2,212,1.031041,163.064875,0.039702
2,213,1.034868,163.080559,0.039698
2,214,1.038606,163.095617,0.039695
2,215,1.042254,163.110081,0.039692
2,216,1.045814,163.123977,0.039689
2,217,1.049285,163.137332,0.039686
2,218,1.052670,163.150171,0.039683
2,219,1.055970,163.162517,0.039680
2,220,1.059185,163.174392,0.039678
2,221,1.062317,163.185817,0.039675
2,222,1.065368,163.196811,0.039672
2,223,1.068338,163.207393,0.039670
2,224,1.071229,163.217581,0.039667
2,225,1.074043,163.227390,0.039665
2,226,1.076782,163.236837,0.039663
2,227,1.079446,163.245937,0.039661
2,228,1.082037,163.254704,0.039658
2,229,1.084558,163.263150,0.039656
2,230,1.087009,163.271290,0.039654
2,231,1.089392,163.279135,0.039652
2,232,1.091709,163.286697,0.039650
2,233,1.093961,163.293987,0.039648
2,234,1.096150,163.301015,0.039647
2,235,1.098277,163.307792,0.039645
2,236,1.100344,163.314327,0.039643
2,237,1.102352,163.320629,0.039641
2,238,1.104303,163.326707,0.039640
2,239,1.106199,163.332570,0.039638
2,240,1.108046,163.338251,0.039636
