measure,age_from_months,age_to_months,p10,p50,p90
heart_rate,0,3,123,143,164
heart_rate,3,6,120,140,159
heart_rate,6,9,114,134,152
heart_rate,9,12,109,128,145
heart_rate,12,18,103,123,140
heart_rate,18,24,98,116,135
heart_rate,24,36,92,110,128
heart_rate,36,48,86,104,123
heart_rate,48,72,81,98,117
heart_rate,72,96,74,91,111
heart_rate,96,144,67,84,103
heart_rate,144,180,62,78,96
heart_rate,180,216,58,73,92
respiratory_rate,0,3,34,43,57
respiratory_rate,3,6,33,41,55
respiratory_rate,6,9,31,39,52
respiratory_rate,9,12,30,37,50
respiratory_rate,12,18,28,35,46
respiratory_rate,18,24,25,31,40
respiratory_rate,24,36,22,28,34
respiratory_rate,36,48,21,25,29
respiratory_rate,48,72,20,23,27
respiratory_rate,72,96,18,21,24
respiratory_rate,96,144,16,19,22
respiratory_rate,144,180,15,18,21
respiratory_rate,180,216,13,16,19
