table,field,required,datatype,primary_key,concept_domain
person,person_id,Y,integer,Y,
person,gender_concept_id,Y,integer,N,Gender
person,year_of_birth,Y,integer,N,
person,month_of_birth,N,integer,N,
person,day_of_birth,N,integer,N,
person,birth_datetime,N,datetime,N,
person,race_concept_id,Y,integer,N,Race
person,ethnicity_concept_id,Y,integer,N,Ethnicity
person,location_id,N,integer,N,
person,provider_id,N,integer,N,
person,care_site_id,N,integer,N,
person,person_source_value,N,varchar(50),N,
person,gender_source_value,N,varchar(50),N,
person,gender_source_concept_id,N,integer,N,
person,race_source_value,N,varchar(50),N,
person,race_source_concept_id,N,integer,N,
person,ethnicity_source_value,N,varchar(50),N,
person,ethnicity_source_concept_id,N,integer,N,
observation_period,observation_period_id,Y,integer,Y,
observation_period,person_id,Y,integer,N,
observation_period,observation_period_start_date,Y,date,N,
observation_period,observation_period_end_date,Y,date,N,
observation_period,period_type_concept_id,Y,integer,N,Type Concept
visit_occurrence,visit_occurrence_id,Y,integer,Y,
visit_occurrence,person_id,Y,integer,N,
visit_occurrence,visit_concept_id,Y,integer,N,Visit
visit_occurrence,visit_start_date,Y,date,N,
visit_occurrence,visit_start_datetime,N,datetime,N,
visit_occurrence,visit_end_date,Y,date,N,
visit_occurrence,visit_end_datetime,N,datetime,N,
visit_occurrence,visit_type_concept_id,Y,integer,N,Type Concept
visit_occurrence,provider_id,N,integer,N,
visit_occurrence,care_site_id,N,integer,N,
visit_occurrence,visit_source_value,N,varchar(50),N,
visit_occurrence,visit_source_concept_id,N,integer,N,
visit_occurrence,admitted_from_concept_id,N,integer,N,Visit
visit_occurrence,admitted_from_source_value,N,varchar(50),N,
visit_occurrence,discharged_to_concept_id,N,integer,N,Visit
visit_occurrence,discharged_to_source_value,N,varchar(50),N,
visit_occurrence,preceding_visit_occurrence_id,N,integer,N,
visit_detail,visit_detail_id,Y,integer,Y,
visit_detail,person_id,Y,integer,N,
visit_detail,visit_detail_concept_id,Y,integer,N,Visit
visit_detail,visit_detail_start_date,Y,date,N,
visit_detail,visit_detail_start_datetime,N,datetime,N,
visit_detail,visit_detail_end_date,Y,date,N,
visit_detail,visit_detail_end_datetime,N,datetime,N,
visit_detail,visit_detail_type_concept_id,Y,integer,N,Type Concept
visit_detail,provider_id,N,integer,N,
visit_detail,care_site_id,N,integer,N,
visit_detail,visit_detail_source_value,N,varchar(50),N,
visit_detail,visit_detail_source_concept_id,N,integer,N,
visit_detail,admitted_from_concept_id,N,integer,N,Visit
visit_detail,admitted_from_source_value,N,varchar(50),N,
visit_detail,discharged_to_source_value,N,varchar(50),N,
visit_detail,discharged_to_concept_id,N,integer,N,Visit
visit_detail,preceding_visit_detail_id,N,integer,N,
visit_detail,parent_visit_detail_id,N,integer,N,
visit_detail,visit_occurrence_id,Y,integer,N,
condition_occurrence,condition_occurrence_id,Y,integer,Y,
condition_occurrence,person_id,Y,integer,N,
condition_occurrence,condition_concept_id,Y,integer,N,Condition
condition_occurrence,condition_start_date,Y,date,N,
condition_occurrence,condition_start_datetime,N,datetime,N,
condition_occurrence,condition_end_date,N,date,N,
condition_occurrence,condition_end_datetime,N,datetime,N,
condition_occurrence,condition_type_concept_id,Y,integer,N,Type Concept
condition_occurrence,condition_status_concept_id,N,integer,N,Condition Status
condition_occurrence,stop_reason,N,varchar(20),N,
condition_occurrence,provider_id,N,integer,N,
condition_occurrence,visit_occurrence_id,N,integer,N,
condition_occurrence,visit_detail_id,N,integer,N,
condition_occurrence,condition_source_value,N,varchar(50),N,
condition_occurrence,condition_source_concept_id,N,integer,N,
condition_occurrence,condition_status_source_value,N,varchar(50),N,
drug_exposure,drug_exposure_id,Y,integer,Y,
drug_exposure,person_id,Y,integer,N,
drug_exposure,drug_concept_id,Y,integer,N,Drug
drug_exposure,drug_exposure_start_date,Y,date,N,
drug_exposure,drug_exposure_start_datetime,N,datetime,N,
drug_exposure,drug_exposure_end_date,Y,date,N,
drug_exposure,drug_exposure_end_datetime,N,datetime,N,
drug_exposure,verbatim_end_date,N,date,N,
drug_exposure,drug_type_concept_id,Y,integer,N,Type Concept
drug_exposure,stop_reason,N,varchar(20),N,
drug_exposure,refills,N,integer,N,
drug_exposure,quantity,N,float,N,
drug_exposure,days_supply,N,integer,N,
drug_exposure,sig,N,varchar(max),N,
drug_exposure,route_concept_id,N,integer,N,Route
drug_exposure,lot_number,N,varchar(50),N,
drug_exposure,provider_id,N,integer,N,
drug_exposure,visit_occurrence_id,N,integer,N,
drug_exposure,visit_detail_id,N,integer,N,
drug_exposure,drug_source_value,N,varchar(50),N,
drug_exposure,drug_source_concept_id,N,integer,N,
drug_exposure,route_source_value,N,varchar(50),N,
drug_exposure,dose_unit_source_value,N,varchar(50),N,
procedure_occurrence,procedure_occurrence_id,Y,integer,Y,
procedure_occurrence,person_id,Y,integer,N,
procedure_occurrence,procedure_concept_id,Y,integer,N,Procedure
procedure_occurrence,procedure_date,Y,date,N,
procedure_occurrence,procedure_datetime,N,datetime,N,
procedure_occurrence,procedure_end_date,N,date,N,
procedure_occurrence,procedure_end_datetime,N,datetime,N,
procedure_occurrence,procedure_type_concept_id,Y,integer,N,Type Concept
procedure_occurrence,modifier_concept_id,N,integer,N,
procedure_occurrence,quantity,N,integer,N,
procedure_occurrence,provider_id,N,integer,N,
procedure_occurrence,visit_occurrence_id,N,integer,N,
procedure_occurrence,visit_detail_id,N,integer,N,
procedure_occurrence,procedure_source_value,N,varchar(50),N,
procedure_occurrence,procedure_source_concept_id,N,integer,N,
procedure_occurrence,modifier_source_value,N,varchar(50),N,
device_exposure,device_exposure_id,Y,integer,Y,
device_exposure,person_id,Y,integer,N,
device_exposure,device_concept_id,Y,integer,N,Device
device_exposure,device_exposure_start_date,Y,date,N,
device_exposure,device_exposure_start_datetime,N,datetime,N,
device_exposure,device_exposure_end_date,N,date,N,
device_exposure,device_exposure_end_datetime,N,datetime,N,
device_exposure,device_type_concept_id,Y,integer,N,Type Concept
device_exposure,unique_device_id,N,varchar(255),N,
device_exposure,production_id,N,varchar(255),N,
device_exposure,quantity,N,integer,N,
device_exposure,provider_id,N,integer,N,
device_exposure,visit_occurrence_id,N,integer,N,
device_exposure,visit_detail_id,N,integer,N,
device_exposure,device_source_value,N,varchar(50),N,
device_exposure,device_source_concept_id,N,integer,N,
device_exposure,unit_concept_id,N,integer,N,Unit
device_exposure,unit_source_value,N,varchar(50),N,
device_exposure,unit_source_concept_id,N,integer,N,
measurement,measurement_id,Y,integer,Y,
measurement,person_id,Y,integer,N,
measurement,measurement_concept_id,Y,integer,N,Measurement
measurement,measurement_date,Y,date,N,
measurement,measurement_datetime,N,datetime,N,
measurement,measurement_time,N,varchar(10),N,
measurement,measurement_type_concept_id,Y,integer,N,Type Concept
measurement,operator_concept_id,N,integer,N,
measurement,value_as_number,N,float,N,
measurement,value_as_concept_id,N,integer,N,
measurement,unit_concept_id,N,integer,N,Unit
measurement,range_low,N,float,N,
measurement,range_high,N,float,N,
measurement,provider_id,N,integer,N,
measurement,visit_occurrence_id,N,integer,N,
measurement,visit_detail_id,N,integer,N,
measurement,measurement_source_value,N,varchar(50),N,
measurement,measurement_source_concept_id,N,integer,N,
measurement,unit_source_value,N,varchar(50),N,
measurement,unit_source_concept_id,N,integer,N,
measurement,value_source_value,N,varchar(50),N,
measurement,measurement_event_id,N,integer,N,
measurement,meas_event_field_concept_id,N,integer,N,
observation,observation_id,Y,integer,Y,
observation,person_id,Y,integer,N,
observation,observation_concept_id,Y,integer,N,
observation,observation_date,Y,date,N,
observation,observation_datetime,N,datetime,N,
observation,observation_type_concept_id,Y,integer,N,Type Concept
observation,value_as_number,N,float,N,
observation,value_as_string,N,varchar(60),N,
observation,value_as_concept_id,N,integer,N,
observation,qualifier_concept_id,N,integer,N,
observation,unit_concept_id,N,integer,N,Unit
observation,provider_id,N,integer,N,
observation,visit_occurrence_id,N,integer,N,
observation,visit_detail_id,N,integer,N,
observation,observation_source_value,N,varchar(50),N,
observation,observation_source_concept_id,N,integer,N,
observation,unit_source_value,N,varchar(50),N,
observation,qualifier_source_value,N,varchar(50),N,
observation,value_source_value,N,varchar(50),N,
observation,observation_event_id,N,integer,N,
observation,obs_event_field_concept_id,N,integer,N,
death,person_id,Y,integer,N,
death,death_date,Y,date,N,
death,death_datetime,N,datetime,N,
death,death_type_concept_id,N,integer,N,Type Concept
death,cause_concept_id,N,integer,N,
death,cause_source_value,N,varchar(50),N,
death,cause_source_concept_id,N,integer,N,
note,note_id,Y,integer,Y,
note,person_id,Y,integer,N,
note,note_date,Y,date,N,
note,note_datetime,N,datetime,N,
note,note_type_concept_id,Y,integer,N,Type Concept
note,note_class_concept_id,Y,integer,N,
note,note_title,N,varchar(250),N,
note,note_text,Y,varchar(max),N,
note,encoding_concept_id,Y,integer,N,
note,language_concept_id,Y,integer,N,
note,provider_id,N,integer,N,
note,visit_occurrence_id,N,integer,N,
note,visit_detail_id,N,integer,N,
note,note_source_value,N,varchar(50),N,
note,note_event_id,N,integer,N,
note,note_event_field_concept_id,N,integer,N,
note_nlp,note_nlp_id,Y,integer,Y,
note_nlp,note_id,Y,integer,N,
note_nlp,section_concept_id,N,integer,N,
note_nlp,snippet,N,varchar(250),N,
note_nlp,offset,N,varchar(50),N,
note_nlp,lexical_variant,Y,varchar(250),N,
note_nlp,note_nlp_concept_id,N,integer,N,
note_nlp,note_nlp_source_concept_id,N,integer,N,
note_nlp,nlp_system,N,varchar(250),N,
note_nlp,nlp_date,Y,date,N,
note_nlp,nlp_datetime,N,datetime,N,
note_nlp,term_exists,N,varchar(1),N,
note_nlp,term_temporal,N,varchar(50),N,
note_nlp,term_modifiers,N,varchar(2000),N,
specimen,specimen_id,Y,integer,Y,
specimen,person_id,Y,integer,N,
specimen,specimen_concept_id,Y,integer,N,
specimen,specimen_type_concept_id,Y,integer,N,Type Concept
specimen,specimen_date,Y,date,N,
specimen,specimen_datetime,N,datetime,N,
specimen,quantity,N,float,N,
specimen,unit_concept_id,N,integer,N,
specimen,anatomic_site_concept_id,N,integer,N,
specimen,disease_status_concept_id,N,integer,N,
specimen,specimen_source_id,N,varchar(50),N,
specimen,specimen_source_value,N,varchar(50),N,
specimen,unit_source_value,N,varchar(50),N,
specimen,anatomic_site_source_value,N,varchar(50),N,
specimen,disease_status_source_value,N,varchar(50),N,
fact_relationship,domain_concept_id_1,Y,integer,N,
fact_relationship,fact_id_1,Y,integer,N,
fact_relationship,domain_concept_id_2,Y,integer,N,
fact_relationship,fact_id_2,Y,integer,N,
fact_relationship,relationship_concept_id,Y,integer,N,
location,location_id,Y,integer,Y,
location,address_1,N,varchar(50),N,
location,address_2,N,varchar(50),N,
location,city,N,varchar(50),N,
location,state,N,varchar(2),N,
location,zip,N,varchar(9),N,
location,county,N,varchar(20),N,
location,location_source_value,N,varchar(50),N,
location,country_concept_id,N,integer,N,
location,country_source_value,N,varchar(80),N,
location,latitude,N,float,N,
location,longitude,N,float,N,
care_site,care_site_id,Y,integer,Y,
care_site,care_site_name,N,varchar(255),N,
care_site,place_of_service_concept_id,N,integer,N,
care_site,location_id,N,integer,N,
care_site,care_site_source_value,N,varchar(50),N,
care_site,place_of_service_source_value,N,varchar(50),N,
provider,provider_id,Y,integer,Y,
provider,provider_name,N,varchar(255),N,
provider,npi,N,varchar(20),N,
provider,dea,N,varchar(20),N,
provider,specialty_concept_id,N,integer,N,
provider,care_site_id,N,integer,N,
provider,year_of_birth,N,integer,N,
provider,gender_concept_id,N,integer,N,Gender
provider,provider_source_value,N,varchar(50),N,
provider,specialty_source_value,N,varchar(50),N,
provider,specialty_source_concept_id,N,integer,N,
provider,gender_source_value,N,varchar(50),N,
provider,gender_source_concept_id,N,integer,N,
payer_plan_period,payer_plan_period_id,Y,integer,Y,
payer_plan_period,person_id,Y,integer,N,
payer_plan_period,payer_plan_period_start_date,Y,date,N,
payer_plan_period,payer_plan_period_end_date,Y,date,N,
payer_plan_period,payer_concept_id,N,integer,N,
payer_plan_period,payer_source_value,N,varchar(50),N,
payer_plan_period,payer_source_concept_id,N,integer,N,
payer_plan_period,plan_concept_id,N,integer,N,
payer_plan_period,plan_source_value,N,varchar(50),N,
payer_plan_period,plan_source_concept_id,N,integer,N,
payer_plan_period,sponsor_concept_id,N,integer,N,
payer_plan_period,sponsor_source_value,N,varchar(50),N,
payer_plan_period,sponsor_source_concept_id,N,integer,N,
payer_plan_period,family_source_value,N,varchar(50),N,
payer_plan_period,stop_reason_concept_id,N,integer,N,
payer_plan_period,stop_reason_source_value,N,varchar(50),N,
payer_plan_period,stop_reason_source_concept_id,N,integer,N,
cost,cost_id,Y,integer,Y,
cost,cost_event_id,Y,integer,N,
cost,cost_domain_id,Y,varchar(20),N,
cost,cost_type_concept_id,Y,integer,N,
cost,currency_concept_id,N,integer,N,
cost,total_charge,N,float,N,
cost,total_cost,N,float,N,
cost,total_paid,N,float,N,
cost,paid_by_payer,N,float,N,
cost,paid_by_patient,N,float,N,
cost,paid_patient_copay,N,float,N,
cost,paid_patient_coinsurance,N,float,N,
cost,paid_patient_deductible,N,float,N,
cost,paid_by_primary,N,float,N,
cost,paid_ingredient_cost,N,float,N,
cost,paid_dispensing_fee,N,float,N,
cost,payer_plan_period_id,N,integer,N,
cost,amount_allowed,N,float,N,
cost,revenue_code_concept_id,N,integer,N,
cost,revenue_code_source_value,N,varchar(50),N,
cost,drg_concept_id,N,integer,N,
cost,drg_source_value,N,varchar(3),N,
drug_era,drug_era_id,Y,integer,Y,
drug_era,person_id,Y,integer,N,
drug_era,drug_concept_id,Y,integer,N,Drug
drug_era,drug_era_start_date,Y,date,N,
drug_era,drug_era_end_date,Y,date,N,
drug_era,drug_exposure_count,N,integer,N,
drug_era,gap_days,N,integer,N,
dose_era,dose_era_id,Y,integer,Y,
dose_era,person_id,Y,integer,N,
dose_era,drug_concept_id,Y,integer,N,Drug
dose_era,unit_concept_id,Y,integer,N,Unit
dose_era,dose_value,Y,float,N,
dose_era,dose_era_start_date,Y,date,N,
dose_era,dose_era_end_date,Y,date,N,
condition_era,condition_era_id,Y,integer,Y,
condition_era,person_id,Y,integer,N,
condition_era,condition_concept_id,Y,integer,N,Condition
condition_era,condition_era_start_date,Y,date,N,
condition_era,condition_era_end_date,Y,date,N,
condition_era,condition_occurrence_count,N,integer,N,
episode,episode_id,Y,integer,Y,
episode,person_id,Y,integer,N,
episode,episode_concept_id,Y,integer,N,Episode
episode,episode_start_date,Y,date,N,
episode,episode_start_datetime,N,datetime,N,
episode,episode_end_date,N,date,N,
episode,episode_end_datetime,N,datetime,N,
episode,episode_parent_id,N,integer,N,
episode,episode_number,N,integer,N,
episode,episode_object_concept_id,Y,integer,N,"Procedure, Regimen"
episode,episode_type_concept_id,Y,integer,N,Type Concept
episode,episode_source_value,N,varchar(50),N,
episode,episode_source_concept_id,N,integer,N,
episode_event,episode_id,Y,integer,N,
episode_event,event_id,Y,integer,N,
episode_event,episode_event_field_concept_id,Y,integer,N,Metadata
metadata,metadata_id,Y,integer,Y,
metadata,metadata_concept_id,Y,integer,N,
metadata,metadata_type_concept_id,Y,integer,N,
metadata,name,Y,varchar(250),N,
metadata,value_as_string,N,varchar(250),N,
metadata,value_as_concept_id,N,integer,N,
metadata,value_as_number,N,float,N,
metadata,metadata_date,N,date,N,
metadata,metadata_datetime,N,datetime,N,
cdm_source,cdm_source_name,Y,varchar(255),N,
cdm_source,cdm_source_abbreviation,Y,varchar(25),N,
cdm_source,cdm_holder,Y,varchar(255),N,
cdm_source,source_description,N,varchar(max),N,
cdm_source,source_documentation_reference,N,varchar(255),N,
cdm_source,cdm_etl_reference,N,varchar(255),N,
cdm_source,source_release_date,Y,date,N,
cdm_source,cdm_release_date,Y,date,N,
cdm_source,cdm_version,N,varchar(10),N,
cdm_source,cdm_version_concept_id,Y,integer,N,
cdm_source,vocabulary_version,Y,varchar(20),N,
concept,concept_id,Y,integer,Y,
concept,concept_name,Y,varchar(255),N,
concept,domain_id,Y,varchar(20),N,
concept,vocabulary_id,Y,varchar(20),N,
concept,concept_class_id,Y,varchar(20),N,
concept,standard_concept,N,varchar(1),N,
concept,concept_code,Y,varchar(50),N,
concept,valid_start_date,Y,date,N,
concept,valid_end_date,Y,date,N,
concept,invalid_reason,N,varchar(1),N,
vocabulary,vocabulary_id,Y,varchar(20),N,
vocabulary,vocabulary_name,Y,varchar(255),N,
vocabulary,vocabulary_reference,N,varchar(255),N,
vocabulary,vocabulary_version,N,varchar(255),N,
vocabulary,vocabulary_concept_id,Y,integer,N,
domain,domain_id,Y,varchar(20),Y,
domain,domain_name,Y,varchar(255),N,
domain,domain_concept_id,Y,integer,N,
concept_class,concept_class_id,Y,varchar(20),Y,
concept_class,concept_class_name,Y,varchar(255),N,
concept_class,concept_class_concept_id,Y,integer,N,
concept_relationship,concept_id_1,Y,integer,N,
concept_relationship,concept_id_2,Y,integer,N,
concept_relationship,relationship_id,Y,varchar(20),N,
concept_relationship,valid_start_date,Y,date,N,
concept_relationship,valid_end_date,Y,date,N,
concept_relationship,invalid_reason,N,varchar(1),N,
relationship,relationship_id,Y,varchar(20),Y,
relationship,relationship_name,Y,varchar(255),N,
relationship,is_hierarchical,Y,varchar(1),N,
relationship,defines_ancestry,Y,varchar(1),N,
relationship,reverse_relationship_id,Y,varchar(20),N,
relationship,relationship_concept_id,Y,integer,N,
concept_synonym,concept_id,Y,integer,N,
concept_synonym,concept_synonym_name,Y,varchar(1000),N,
concept_synonym,language_concept_id,Y,integer,N,
concept_ancestor,ancestor_concept_id,Y,integer,N,
concept_ancestor,descendant_concept_id,Y,integer,N,
concept_ancestor,min_levels_of_separation,Y,integer,N,
concept_ancestor,max_levels_of_separation,Y,integer,N,
source_to_concept_map,source_code,Y,varchar(50),N,
source_to_concept_map,source_concept_id,Y,integer,N,
source_to_concept_map,source_vocabulary_id,Y,varchar(20),N,
source_to_concept_map,source_code_description,N,varchar(255),N,
source_to_concept_map,target_concept_id,Y,integer,N,
source_to_concept_map,target_vocabulary_id,Y,varchar(20),N,
source_to_concept_map,valid_start_date,Y,date,N,
source_to_concept_map,valid_end_date,Y,date,N,
source_to_concept_map,invalid_reason,N,varchar(1),N,
drug_strength,drug_concept_id,Y,integer,N,
drug_strength,ingredient_concept_id,Y,integer,N,
drug_strength,amount_value,N,float,N,
drug_strength,amount_unit_concept_id,N,integer,N,
drug_strength,numerator_value,N,float,N,
drug_strength,numerator_unit_concept_id,N,integer,N,
drug_strength,denominator_value,N,float,N,
drug_strength,denominator_unit_concept_id,N,integer,N,
drug_strength,box_size,N,integer,N,
drug_strength,valid_start_date,Y,date,N,
drug_strength,valid_end_date,Y,date,N,
drug_strength,invalid_reason,N,varchar(1),N,
cohort,cohort_definition_id,Y,integer,N,
cohort,subject_id,Y,integer,N,
cohort,cohort_start_date,Y,date,N,
cohort,cohort_end_date,Y,date,N,
cohort_definition,cohort_definition_id,Y,integer,N,
cohort_definition,cohort_definition_name,Y,varchar(255),N,
cohort_definition,cohort_definition_description,N,varchar(max),N,
cohort_definition,definition_type_concept_id,Y,integer,N,
cohort_definition,cohort_definition_syntax,N,varchar(max),N,
cohort_definition,subject_concept_id,Y,integer,N,
cohort_definition,cohort_initiation_date,N,date,N,
