source_code,source_concept_id,source_vocabulary_id,source_code_description,target_concept_id,target_vocabulary_id,valid_start_date,valid_end_date,invalid_reason
1,0,SITE_SEX,Male,8507,Gender,1970-01-01,2099-12-31,
2,0,SITE_SEX,Female,8532,Gender,1970-01-01,2099-12-31,
ANAESTHETIC,0,SITE_PROCEDURE,An anaesthetic or sedation,4249997,SNOMED,1970-01-01,2099-12-31,
8,0,SITE_OBS,Heart rate,3027018,LOINC,1970-01-01,2099-12-31,
8,0,SITE_OBS_UNIT,Unit of heart rate,8541,UCUM,1970-01-01,2099-12-31,
10,0,SITE_OBS,Oxygen saturation,40762499,LOINC,1970-01-01,2099-12-31,
10,0,SITE_OBS_UNIT,Unit of oxygen saturation,8554,UCUM,1970-01-01,2099-12-31,
14,0,SITE_OBS,Weight in ounces,3025315,LOINC,1970-01-01,2099-12-31,
14,0,SITE_OBS_UNIT,Unit of weight in ounces,9373,UCUM,1970-01-01,2099-12-31,
51,0,SITE_OBS,Mean blood pressure from the cuff,21492241,LOINC,1970-01-01,2099-12-31,
51,0,SITE_OBS_UNIT,Unit of mean blood pressure from the cuff,8876,UCUM,1970-01-01,2099-12-31,
52,0,SITE_OBS,Mean blood pressure from an arterial line,21490852,LOINC,1970-01-01,2099-12-31,
52,0,SITE_OBS_UNIT,Unit of mean blood pressure from an arterial line,8876,UCUM,1970-01-01,2099-12-31,
5,0,SITE_OBS_SYSTOLIC,Systolic part of a charted blood pressure,3004249,LOINC,1970-01-01,2099-12-31,
5,0,SITE_OBS_DIASTOLIC,Diastolic part of a charted blood pressure,3012888,LOINC,1970-01-01,2099-12-31,
1,0,SITE_DRUG_GIVEN,The action that means a dose was given,0,None,1970-01-01,2099-12-31,
1,0,SITE_ANAES_KIND,General,4174669,SNOMED,1970-01-01,2099-12-31,
2,0,SITE_ANAES_KIND,Regional,4100052,SNOMED,1970-01-01,2099-12-31,
4,0,SITE_ANAES_KIND,Sedation,4219502,SNOMED,1970-01-01,2099-12-31,
1,0,SITE_RISK_GRADE,ASA class 1,4186042,SNOMED,1970-01-01,2099-12-31,
2,0,SITE_RISK_GRADE,ASA class 2,4184967,SNOMED,1970-01-01,2099-12-31,
3,0,SITE_RISK_GRADE,ASA class 3,4186043,SNOMED,1970-01-01,2099-12-31,
4,0,SITE_RISK_GRADE,ASA class 4,4211334,SNOMED,1970-01-01,2099-12-31,
5,0,SITE_RISK_GRADE,ASA class 5,4186044,SNOMED,1970-01-01,2099-12-31,
1120000001,0,SITE_EVENT_OBS,Anaesthesia start,4161949,SNOMED,1970-01-01,2099-12-31,
1120000020,0,SITE_EVENT_OBS,Anaesthesia stop,4160029,SNOMED,1970-01-01,2099-12-31,
1120000014,0,SITE_EVENT_PROC,Intubation,4013354,SNOMED,1970-01-01,2099-12-31,
3040200001,0,SITE_DEVICE,Endotracheal tube,4097216,SNOMED,1970-01-01,2099-12-31,
3040200002,0,SITE_DEVICE,Laryngeal mask,4106029,SNOMED,1970-01-01,2099-12-31,
3040200003,0,SITE_DEVICE,Peripheral cannula,4219637,SNOMED,1970-01-01,2099-12-31,
6,0,SITE_DRUG_RUNNING,The action that starts an infusion,0,None,1970-01-01,2099-12-31,
10,0,SITE_DRUG_RUNNING,The action that changes the rate of an infusion,0,None,1970-01-01,2099-12-31,
9,0,SITE_DRUG_RUNNING,The action that restarts a paused infusion,0,None,1970-01-01,2099-12-31,
8,0,SITE_DRUG_STOPPED,The action that stops an infusion,0,None,1970-01-01,2099-12-31,
7,0,SITE_DRUG_STOPPED,The action that pauses an infusion,0,None,1970-01-01,2099-12-31,
1,0,SITE_ROUTE,Intravenous,4171047,SNOMED,1970-01-01,2099-12-31,
2,0,SITE_ROUTE,Oral,4132161,SNOMED,1970-01-01,2099-12-31,
3,0,SITE_ROUTE,Inhaled,40486069,SNOMED,1970-01-01,2099-12-31,
2,0,SITE_CASE_DONE,The status that means a case was carried out,0,None,1970-01-01,2099-12-31,
EVENT_LINK_MARGIN_MINUTES,0,SITE_SETTING,The margin in minutes either side of an anaesthetic within which a reading or an event points at it,15,None,1970-01-01,2099-12-31,
CALCULATED_MEAN_PRESSURE,0,SITE_SETTING,Set to 1 to write a mean pressure calculated from each charted pressure and to 0 to write none,0,None,1970-01-01,2099-12-31,
