TABLE_SCHEMA,TABLE_NAME,COLUMN_NAME,ORDINAL_POSITION,DATA_TYPE,CHARACTER_MAXIMUM_LENGTH,NUMERIC_PRECISION,NUMERIC_SCALE,IS_NULLABLE
dbo,PERSON_MASTER,PERSON_KEY,1,varchar,18,,,NO
dbo,PERSON_MASTER,RECORD_NO,2,varchar,20,,,YES
dbo,PERSON_MASTER,GIVEN_NAME,3,varchar,100,,,YES
dbo,PERSON_MASTER,FAMILY_NAME,4,varchar,100,,,YES
dbo,PERSON_MASTER,BIRTH_TS,5,datetime,,,,YES
dbo,PERSON_MASTER,SEX_CAT,6,int,,10,0,YES
dbo,PERSON_MASTER,TEST_PERSON_FLAG,7,varchar,1,,,YES
dbo,PERSON_MASTER_2,PERSON_KEY,1,varchar,18,,,NO
dbo,PERSON_MASTER_2,GEST_WEEKS,2,int,,10,0,YES
dbo,PERSON_MASTER_2,BIRTH_WEIGHT_G,3,numeric,,18,0,YES
dbo,VISIT,VISIT_KEY,1,numeric,,18,0,NO
dbo,VISIT,PERSON_KEY,2,varchar,18,,,YES
dbo,VISIT,ADMIT_TS,3,datetime,,,,YES
dbo,VISIT,DISCH_TS,4,datetime,,,,YES
dbo,VISIT,WARD_KEY,5,numeric,,18,0,YES
dbo,VISIT,VISIT_KIND_CAT,6,int,,10,0,YES
dbo,WARD_DEF,WARD_KEY,1,numeric,,18,0,NO
dbo,WARD_DEF,WARD_LABEL,2,varchar,200,,,YES
dbo,THEATRE_CASE,CASE_KEY,1,varchar,18,,,NO
dbo,THEATRE_CASE,VISIT_KEY,2,numeric,,18,0,YES
dbo,THEATRE_CASE,PERSON_KEY,3,varchar,18,,,YES
dbo,THEATRE_CASE,CASE_DATE,4,datetime,,,,YES
dbo,THEATRE_CASE,CASE_STATUS_CAT,5,int,,10,0,YES
dbo,THEATRE_CASE,ROOM_KEY,6,varchar,18,,,YES
dbo,THEATRE_CASE,SERVICE_CAT,7,int,,10,0,YES
dbo,THEATRE_CASE,EMERGENCY_FLAG,8,varchar,1,,,YES
dbo,CASE_PROC,CASE_KEY,1,varchar,18,,,NO
dbo,CASE_PROC,SEQ,2,int,,10,0,YES
dbo,CASE_PROC,PROC_KEY,3,varchar,18,,,YES
dbo,PROC_DEF,PROC_KEY,1,varchar,18,,,NO
dbo,PROC_DEF,PROC_LABEL,2,varchar,200,,,YES
dbo,ANAES_RECORD,ANAES_KEY,1,varchar,18,,,NO
dbo,ANAES_RECORD,CASE_KEY,2,varchar,18,,,YES
dbo,ANAES_RECORD,VISIT_KEY,3,numeric,,18,0,YES
dbo,ANAES_RECORD,RISK_GRADE_CAT,4,int,,10,0,YES
dbo,ANAES_RECORD,ANAES_KIND_CAT,5,int,,10,0,YES
dbo,ANAES_RECORD,ANAES_START_TS,6,datetime,,,,YES
dbo,ANAES_RECORD,ANAES_STOP_TS,7,datetime,,,,YES
dbo,ANAES_STAFF,ANAES_KEY,1,varchar,18,,,NO
dbo,ANAES_STAFF,SEQ,2,int,,10,0,YES
dbo,ANAES_STAFF,STAFF_KEY,3,varchar,18,,,YES
dbo,ANAES_STAFF,ROLE_CAT,4,int,,10,0,YES
dbo,ANAES_STAFF,START_TS,5,datetime,,,,YES
dbo,ANAES_STAFF,END_TS,6,datetime,,,,YES
dbo,STAFF_MASTER,STAFF_KEY,1,varchar,18,,,NO
dbo,STAFF_MASTER,STAFF_LABEL,2,varchar,200,,,YES
dbo,ANAES_EVENT,ANAES_KEY,1,varchar,18,,,NO
dbo,ANAES_EVENT,SEQ,2,int,,10,0,YES
dbo,ANAES_EVENT,EVENT_TYPE_KEY,3,varchar,18,,,YES
dbo,ANAES_EVENT,EVENT_TS,4,datetime,,,,YES
dbo,EVENT_TYPE_DEF,EVENT_TYPE_KEY,1,varchar,18,,,NO
dbo,EVENT_TYPE_DEF,EVENT_LABEL,2,varchar,200,,,YES
dbo,OBS_SHEET,SHEET_KEY,1,varchar,18,,,NO
dbo,OBS_SHEET,VISIT_KEY,2,numeric,,18,0,YES
dbo,OBS_SHEET,ANAES_KEY,3,varchar,18,,,YES
dbo,OBS_READING,SHEET_KEY,1,varchar,18,,,NO
dbo,OBS_READING,SEQ,2,int,,10,0,YES
dbo,OBS_READING,OBS_TYPE_KEY,3,varchar,18,,,YES
dbo,OBS_READING,READ_TS,4,datetime,,,,YES
dbo,OBS_READING,READ_VALUE,5,varchar,254,,,YES
dbo,OBS_READING,ACCEPTED_FLAG,6,varchar,1,,,YES
dbo,OBS_TYPE_DEF,OBS_TYPE_KEY,1,varchar,18,,,NO
dbo,OBS_TYPE_DEF,OBS_LABEL,2,varchar,200,,,YES
dbo,OBS_TYPE_DEF,UNIT_LABEL,3,varchar,200,,,YES
dbo,DRUG_GIVEN,GIVEN_KEY,1,numeric,,18,0,NO
dbo,DRUG_GIVEN,VISIT_KEY,2,numeric,,18,0,YES
dbo,DRUG_GIVEN,ANAES_KEY,3,varchar,18,,,YES
dbo,DRUG_GIVEN,DRUG_KEY,4,varchar,18,,,YES
dbo,DRUG_GIVEN,GIVEN_TS,5,datetime,,,,YES
dbo,DRUG_GIVEN,DOSE_AMT,6,numeric,,18,4,YES
dbo,DRUG_GIVEN,DOSE_UNIT_CAT,7,int,,10,0,YES
dbo,DRUG_GIVEN,ROUTE_CAT,8,int,,10,0,YES
dbo,DRUG_GIVEN,ACTION_CAT,9,int,,10,0,YES
dbo,DRUG_DEF,DRUG_KEY,1,varchar,18,,,NO
dbo,DRUG_DEF,DRUG_LABEL,2,varchar,200,,,YES
dbo,LK_RISK_GRADE,RISK_GRADE_CAT,1,int,,10,0,NO
dbo,LK_RISK_GRADE,LABEL,2,varchar,200,,,YES
dbo,LK_CASE_STATUS,CASE_STATUS_CAT,1,int,,10,0,NO
dbo,LK_CASE_STATUS,LABEL,2,varchar,200,,,YES
dbo,LK_SEX,SEX_CAT,1,int,,10,0,NO
dbo,LK_SEX,LABEL,2,varchar,200,,,YES
dbo,LK_ROUTE,ROUTE_CAT,1,int,,10,0,NO
dbo,LK_ROUTE,LABEL,2,varchar,200,,,YES
dbo,LK_SERVICE,SERVICE_CAT,1,int,,10,0,NO
dbo,LK_SERVICE,LABEL,2,varchar,200,,,YES
dbo,AIRWAY_DEVICE,DEVICE_KEY,1,numeric,,18,0,NO
dbo,AIRWAY_DEVICE,ANAES_KEY,2,varchar,18,,,YES
dbo,AIRWAY_DEVICE,DEVICE_KIND_KEY,3,varchar,18,,,YES
dbo,AIRWAY_DEVICE,PLACED_TS,4,datetime,,,,YES
dbo,AIRWAY_DEVICE,REMOVED_TS,5,datetime,,,,YES
dbo,PERSON_MASTER_2,DEATH_TS,4,datetime,,,,YES
dbo,VISIT_DIAGNOSIS,VISIT_KEY,1,numeric,,18,0,NO
dbo,VISIT_DIAGNOSIS,SEQ,2,int,,10,0,NO
dbo,VISIT_DIAGNOSIS,DIAG_KEY,3,varchar,18,,,YES
dbo,VISIT_DIAGNOSIS,PRIMARY_FLAG,4,varchar,1,,,YES
dbo,DIAG_DEF,DIAG_KEY,1,varchar,18,,,NO
dbo,DIAG_DEF,DIAG_LABEL,2,varchar,200,,,YES
dbo,DIAG_DEF,ICD_CODE,3,varchar,20,,,YES
dbo,DRUG_GIVEN,ORDER_KEY,10,numeric,,18,0,YES
dbo,DRUG_GIVEN,DOC_TS,11,datetime,,,,YES
dbo,DRUG_GIVEN,AMENDS_KEY,12,numeric,,18,0,YES
dbo,DRUG_ORDER,ORDER_KEY,1,numeric,,18,0,NO
dbo,DRUG_ORDER,VISIT_KEY,2,numeric,,18,0,YES
dbo,DRUG_ORDER,ANAES_KEY,3,varchar,18,,,YES
dbo,DRUG_ORDER,DRUG_KEY,4,varchar,18,,,YES
dbo,DRUG_ORDER,ORDER_TS,5,datetime,,,,YES
dbo,DRUG_ORDER,DOSE_AMT,6,numeric,,18,4,YES
dbo,DRUG_ORDER,DOSE_UNIT_CAT,7,int,,10,0,YES
dbo,DRUG_ORDER,ROUTE_CAT,8,int,,10,0,YES
