check_kind,table_name,column_name,value,label,row_count,distinct_count,null_count,is_unique
column,ANAES_EVENT,ANAES_KEY,,,600,600,0,Y
column,ANAES_RECORD,ANAES_KEY,,,600,600,0,Y
column,ANAES_RECORD,CASE_KEY,,,600,600,0,Y
column,ANAES_RECORD,RISK_GRADE_CAT,,,600,0,0,N
column,ANAES_STAFF,STAFF_KEY,,,600,600,0,Y
column,CASE_PROC,CASE_KEY,,,600,600,0,Y
column,CASE_PROC,PROC_KEY,,,600,600,0,Y
column,DRUG_DEF,DRUG_KEY,,,600,600,0,Y
column,DRUG_GIVEN,ANAES_KEY,,,600,600,0,Y
column,DRUG_GIVEN,DRUG_KEY,,,600,600,0,Y
column,DRUG_GIVEN,ROUTE_CAT,,,600,0,0,N
column,LK_CASE_STATUS,CASE_STATUS_CAT,,,600,600,0,Y
column,LK_RISK_GRADE,RISK_GRADE_CAT,,,600,600,0,Y
column,LK_ROUTE,ROUTE_CAT,,,600,600,0,Y
column,LK_SERVICE,SERVICE_CAT,,,600,600,0,Y
column,OBS_READING,OBS_TYPE_KEY,,,640,10,0,N
column,OBS_READING,SHEET_KEY,,,640,400,0,N
column,OBS_SHEET,ANAES_KEY,,,600,600,0,Y
column,OBS_SHEET,SHEET_KEY,,,600,600,0,Y
column,OBS_SHEET,VISIT_KEY,,,600,600,0,Y
column,OBS_TYPE_DEF,OBS_TYPE_KEY,,,0,0,0,Y
column,PERSON_MASTER,PERSON_KEY,,,600,600,0,Y
column,PERSON_MASTER_2,PERSON_KEY,,,600,600,0,Y
column,PROC_DEF,PROC_KEY,,,600,600,0,Y
column,STAFF_MASTER,STAFF_KEY,,,600,600,0,Y
column,THEATRE_CASE,CASE_KEY,,,600,600,0,Y
column,THEATRE_CASE,CASE_STATUS_CAT,,,600,0,0,N
column,THEATRE_CASE,PERSON_KEY,,,600,600,0,Y
column,THEATRE_CASE,SERVICE_CAT,,,600,0,0,N
column,THEATRE_CASE,VISIT_KEY,,,600,600,0,Y
column,VISIT,PERSON_KEY,,,600,600,0,Y
column,VISIT,VISIT_KEY,,,600,600,0,Y
column,VISIT,WARD_KEY,,,600,600,0,Y
column,WARD_DEF,WARD_KEY,,,600,600,0,Y
values,ANAES_RECORD,RISK_GRADE_CAT,1,,120,,,
values,ANAES_RECORD,RISK_GRADE_CAT,2,,120,,,
values,ANAES_RECORD,RISK_GRADE_CAT,3,,120,,,
values,ANAES_RECORD,RISK_GRADE_CAT,4,,120,,,
values,ANAES_RECORD,RISK_GRADE_CAT,5,,120,,,
values,ANAES_STAFF,ROLE_CAT,1,,200,,,
values,ANAES_STAFF,ROLE_CAT,2,,200,,,
values,ANAES_STAFF,ROLE_CAT,3,,200,,,
values,DRUG_GIVEN,ACTION_CAT,1,,360,,,
values,DRUG_GIVEN,ACTION_CAT,6,,120,,,
values,DRUG_GIVEN,ACTION_CAT,8,,120,,,
values,OBS_READING,ACCEPTED_FLAG,N,,30,,,
values,OBS_READING,ACCEPTED_FLAG,Y,,570,,,
values,OBS_READING,OBS_TYPE_KEY,10,Oxygen saturation,70,,,
values,OBS_READING,OBS_TYPE_KEY,14,Weight,70,,,
values,OBS_READING,OBS_TYPE_KEY,30417,Tube size,70,,,
values,OBS_READING,OBS_TYPE_KEY,30418,Cuff,70,,,
values,OBS_READING,OBS_TYPE_KEY,31102,Laryngoscopy grade,70,,,
values,OBS_READING,OBS_TYPE_KEY,5,Blood pressure,70,,,
values,OBS_READING,OBS_TYPE_KEY,51,,20,,,
values,OBS_READING,OBS_TYPE_KEY,52,,20,,,
values,OBS_READING,OBS_TYPE_KEY,7,Temperature source,70,,,
values,OBS_READING,OBS_TYPE_KEY,8,Pulse,70,,,
values,PERSON_MASTER,SEX_CAT,1,,300,,,
values,PERSON_MASTER,SEX_CAT,2,,300,,,
values,PERSON_MASTER,TEST_PERSON_FLAG,N,,580,,,
values,PERSON_MASTER,TEST_PERSON_FLAG,Y,,10,,,
values,THEATRE_CASE,CASE_STATUS_CAT,1,,60,,,
values,THEATRE_CASE,CASE_STATUS_CAT,2,,420,,,
values,THEATRE_CASE,CASE_STATUS_CAT,4,,60,,,
values,THEATRE_CASE,CASE_STATUS_CAT,6,,60,,,
values,THEATRE_CASE,EMERGENCY_FLAG,N,,480,,,
values,THEATRE_CASE,EMERGENCY_FLAG,Y,,120,,,
years,ANAES_EVENT,EVENT_TS,2023,,190,,,
years,ANAES_EVENT,EVENT_TS,2024,,190,,,
years,ANAES_EVENT,EVENT_TS,2025,,200,,,
years,ANAES_RECORD,ANAES_START_TS,2023,,190,,,
years,ANAES_RECORD,ANAES_START_TS,2024,,190,,,
years,ANAES_RECORD,ANAES_START_TS,2025,,200,,,
years,ANAES_RECORD,ANAES_STOP_TS,2023,,190,,,
years,ANAES_RECORD,ANAES_STOP_TS,2024,,190,,,
years,ANAES_RECORD,ANAES_STOP_TS,2025,,200,,,
years,ANAES_STAFF,START_TS,2023,,190,,,
years,ANAES_STAFF,START_TS,2024,,200,,,
years,ANAES_STAFF,START_TS,2025,,190,,,
years,DRUG_GIVEN,GIVEN_TS,2023,,190,,,
years,DRUG_GIVEN,GIVEN_TS,2024,,190,,,
years,DRUG_GIVEN,GIVEN_TS,2025,,200,,,
years,OBS_READING,READ_TS,2023,,190,,,
years,OBS_READING,READ_TS,2024,,190,,,
years,OBS_READING,READ_TS,2025,,200,,,
years,PERSON_MASTER,BIRTH_TS,2008,,50,,,
years,PERSON_MASTER,BIRTH_TS,2009,,50,,,
years,PERSON_MASTER,BIRTH_TS,2010,,50,,,
years,PERSON_MASTER,BIRTH_TS,2011,,50,,,
years,PERSON_MASTER,BIRTH_TS,2012,,50,,,
years,PERSON_MASTER,BIRTH_TS,2013,,50,,,
years,PERSON_MASTER,BIRTH_TS,2014,,50,,,
years,PERSON_MASTER,BIRTH_TS,2015,,50,,,
years,PERSON_MASTER,BIRTH_TS,2016,,50,,,
years,PERSON_MASTER,BIRTH_TS,2017,,50,,,
years,PERSON_MASTER,BIRTH_TS,2018,,50,,,
years,PERSON_MASTER,BIRTH_TS,2019,,20,,,
years,THEATRE_CASE,CASE_DATE,2022,,180,,,
years,THEATRE_CASE,CASE_DATE,2023,,360,,,
years,THEATRE_CASE,CASE_DATE,2024,,50,,,
years,VISIT,ADMIT_TS,2023,,210,,,
years,VISIT,ADMIT_TS,2024,,360,,,
years,VISIT,ADMIT_TS,2025,,20,,,
