DEVICE_KEY,ANAES_KEY,DEVICE_KIND_KEY,PLACED_TS,REMOVED_TS
1,7000000,3040200003,2023-10-06 15:31:50,2023-10-06 16:58:40
2,7000001,3040200002,2023-10-07 19:02:08,2023-10-07 19:55:14
3,7000002,3040200001,2025-01-11 15:57:33,2025-01-11 17:02:59
4,7000003,3040200009,2023-09-06 04:59:46,2023-09-06 06:06:26
5,7000004,3040200002,2024-01-10 23:04:49,2024-01-11 02:45:55
6,7000005,3040200003,2024-06-19 02:00:13,2024-06-19 02:59:08
7,7000006,3040200003,2025-02-17 14:01:37,2025-02-17 17:05:46
8,7000007,3040200009,2024-01-07 20:14:43,2024-01-07 21:24:33
9,7000008,3040200002,2023-01-17 00:10:26,2023-01-17 02:36:59
10,7000009,3040200002,2023-11-13 08:43:47,2023-11-13 09:40:30
11,7000010,3040200001,2025-09-12 22:07:57,2025-09-12 23:17:59
12,7000011,3040200001,2024-06-12 14:42:26,2024-06-12 15:25:59
13,7000012,3040200003,2023-06-02 01:26:25,2023-06-02 04:25:38
14,7000013,3040200002,2025-09-30 08:40:01,2025-09-30 10:00:19
15,7000014,3040200001,2024-04-20 21:27:28,2024-04-21 02:26:12
16,7000015,3040200009,2025-05-12 14:20:16,2025-05-12 16:32:44
17,7000016,3040200001,2024-01-31 22:49:46,2024-01-31 23:36:44
18,7000017,3040200002,2025-11-11 14:50:55,2025-11-11 17:49:09
19,7000018,3040200001,2024-01-09 04:14:16,2024-01-09 05:19:21
20,7000019,3040200002,2024-06-13 10:38:22,2024-06-13 13:06:08
21,7000020,3040200003,2023-01-28 19:39:54,2023-01-28 22:18:46
22,7000021,3040200009,2023-03-25 13:51:07,2023-03-25 15:50:17
23,7000022,3040200001,2025-05-24 21:12:46,2025-05-24 22:05:19
24,7000023,3040200001,2025-07-08 22:42:13,2025-07-09 01:10:35
25,7000024,3040200003,2024-02-27 21:05:33,2024-02-27 22:06:04
26,7000025,3040200002,2024-05-17 19:28:34,2024-05-17 23:14:54
27,7000026,3040200001,2023-01-20 20:35:10,2023-01-20 21:31:23
28,7000027,3040200002,2023-12-14 01:10:19,2023-12-14 02:45:59
29,7000028,3040200009,2024-12-24 08:01:33,2024-12-24 09:51:17
30,7000029,3040200001,2025-06-10 06:49:18,2025-06-10 08:13:05
31,7000030,3040200003,2023-03-24 09:02:01,2023-03-24 09:50:44
32,7000031,3040200009,2023-06-29 07:49:32,2023-06-29 08:37:12
33,7000032,3040200009,2023-10-07 06:09:23,2023-10-07 08:46:40
34,7000033,3040200002,2024-01-05 02:47:07,2024-01-05 03:33:58
35,7000034,3040200009,2025-09-22 09:21:46,2025-09-22 10:54:46
36,7000035,3040200002,2025-04-10 14:00:08,2025-04-10 16:34:47
37,7000036,3040200001,2025-05-04 18:42:37,2025-05-04 23:52:32
38,7000037,3040200009,2025-03-15 05:43:44,2025-03-15 06:52:28
39,7000038,3040200002,2025-06-20 04:51:59,2025-06-20 07:51:43
40,7000039,3040200009,2024-10-25 01:55:12,2024-10-25 02:43:12
41,7000040,3040200009,2024-03-22 16:42:59,2024-03-22 19:09:42
42,7000041,3040200001,2025-08-15 16:47:39,2025-08-15 20:44:53
43,7000042,3040200001,2023-10-23 17:40:52,2023-10-23 19:07:40
44,7000043,3040200009,2024-10-19 19:41:20,2024-10-19 21:21:45
45,7000044,3040200001,2023-06-19 09:15:42,2023-06-19 12:55:27
46,7000045,3040200003,2025-03-12 15:28:11,2025-03-12 16:11:47
47,7000046,3040200009,2024-12-17 10:32:03,2024-12-17 15:42:33
48,7000047,3040200002,2025-02-04 20:08:03,2025-02-04 22:23:36
49,7000048,3040200003,2024-06-15 14:39:00,2024-06-15 18:22:38
50,7000049,3040200001,2025-01-25 14:47:08,2025-01-25 19:56:38
51,7000050,3040200001,2025-01-04 01:11:53,2025-01-04 03:21:01
52,7000051,3040200002,2024-04-14 08:23:37,2024-04-14 09:38:20
53,7000052,3040200001,2025-01-15 20:12:06,2025-01-16 01:26:43
54,7000053,3040200001,2025-04-21 02:26:29,2025-04-21 03:48:07
55,7000054,3040200009,2024-08-24 13:35:01,2024-08-24 16:31:57
56,7000055,3040200009,2025-08-21 11:53:55,2025-08-21 13:32:18
57,7000056,3040200002,2023-01-03 19:07:30,2023-01-03 21:38:18
58,7000057,3040200001,2023-05-28 16:38:21,2023-05-28 18:10:42
59,7000058,3040200003,2024-11-25 13:36:15,2024-11-25 15:47:13
60,7000059,3040200009,2025-01-07 03:18:48,2025-01-07 03:59:22
61,7000060,3040200001,2025-08-28 23:28:19,2025-08-29 01:39:46
62,7000061,3040200009,2023-07-01 06:36:50,2023-07-01 11:51:38
63,7000062,3040200001,2024-08-16 12:26:19,2024-08-16 13:11:27
64,7000063,3040200002,2023-09-16 07:25:31,2023-09-16 08:32:27
65,7000064,3040200003,2024-10-18 01:21:28,2024-10-18 02:20:47
66,7000065,3040200009,2025-11-04 06:33:54,2025-11-04 07:56:35
67,7000066,3040200002,2025-06-14 20:14:18,2025-06-14 23:12:30
68,7000067,3040200003,2025-11-02 00:26:52,2025-11-02 02:21:45
69,7000068,3040200009,2025-02-21 07:52:24,2025-02-21 09:54:24
70,7000069,3040200003,2025-07-17 12:02:24,2025-07-17 13:56:02
71,7000070,3040200001,2023-03-30 01:06:37,2023-03-30 02:56:44
72,7000071,3040200003,2025-11-30 19:01:38,2025-11-30 20:13:17
73,7000072,3040200009,2024-01-04 15:07:47,2024-01-04 15:59:38
74,7000073,3040200009,2024-03-31 16:24:56,2024-03-31 20:01:06
75,7000074,3040200001,2023-07-01 22:26:42,2023-07-01 23:42:43
76,7000075,3040200002,2023-11-09 21:56:18,2023-11-09 23:08:44
77,7000076,3040200009,2025-12-12 22:05:46,2025-12-12 22:58:31
78,7000077,3040200001,2025-05-08 11:16:58,2025-05-08 12:24:38
79,7000078,3040200002,2024-06-08 20:56:15,2024-06-08 21:32:42
80,7000079,3040200001,2024-08-31 19:14:43,2024-08-31 23:01:33
81,7000080,3040200001,2025-12-11 19:54:54,2025-12-11 22:32:46
82,7000081,3040200001,2024-04-25 14:12:57,2024-04-25 15:03:09
83,7000082,3040200003,2023-12-04 07:16:38,2023-12-04 12:26:07
84,7000083,3040200002,2023-08-18 06:47:48,2023-08-18 07:27:58
85,7000084,3040200002,2024-12-05 12:19:51,2024-12-05 13:20:11
86,7000085,3040200001,2024-09-25 10:54:38,2024-09-25 12:20:09
87,7000086,3040200003,2024-07-28 02:48:24,2024-07-28 07:56:10
88,7000087,3040200001,2025-11-28 19:49:58,2025-11-28 21:36:40
89,7000088,3040200003,2025-03-19 03:10:51,2025-03-19 04:50:31
90,7000089,3040200009,2024-03-26 19:19:01,2024-03-26 22:16:12
91,7000090,3040200001,2025-04-26 02:08:27,2025-04-26 03:17:02
92,7000091,3040200002,2023-10-27 10:25:08,2023-10-27 14:20:02
93,7000092,3040200002,2025-03-06 08:51:42,2025-03-06 12:33:43
94,7000093,3040200003,2024-10-25 03:49:27,2024-10-25 05:58:06
95,7000094,3040200002,2023-07-10 14:38:58,2023-07-10 16:11:24
96,7000095,3040200002,2025-12-02 18:41:00,2025-12-02 23:40:13
97,7000096,3040200009,2025-05-24 08:19:35,2025-05-24 09:41:22
98,7000097,3040200001,2025-05-15 00:29:25,2025-05-15 02:31:31
99,7000098,3040200003,2024-12-05 18:28:08,2024-12-05 23:26:18
100,7000099,3040200003,2025-09-15 22:18:12,2025-09-16 03:36:32
101,7000100,3040200002,2024-08-13 08:40:27,2024-08-13 10:58:36
102,7000101,3040200009,2024-01-30 14:39:01,2024-01-30 15:26:53
103,7000102,3040200002,2025-10-01 16:23:49,2025-10-01 20:19:57
104,7000103,3040200002,2023-03-29 07:28:25,2023-03-29 10:08:29
105,7000104,3040200009,2024-12-10 04:47:30,2024-12-10 05:42:16
106,7000105,3040200001,2025-11-02 23:57:40,2025-11-03 05:03:15
107,7000106,3040200003,2023-12-03 15:44:27,2023-12-03 16:57:23
108,7000107,3040200003,2024-12-07 04:45:30,2024-12-07 08:29:05
109,7000108,3040200001,2025-04-14 04:02:26,2025-04-14 05:21:57
110,7000109,3040200003,2025-02-02 11:44:47,2025-02-02 16:52:57
111,7000110,3040200002,2025-09-15 14:00:00,2025-09-15 14:44:35
112,7000111,3040200003,2024-10-03 04:35:45,2024-10-03 05:46:38
113,7000112,3040200009,2024-10-23 12:59:23,2024-10-23 14:28:21
114,7000113,3040200009,2025-08-27 15:32:04,2025-08-27 16:40:50
115,7000114,3040200002,2023-08-31 22:32:40,2023-09-01 02:18:45
116,7000115,3040200003,2025-02-03 08:01:26,2025-02-03 13:10:27
117,7000116,3040200009,2023-01-05 15:45:43,2023-01-05 20:57:12
118,7000117,3040200001,2025-11-11 17:26:20,2025-11-11 19:01:16
119,7000118,3040200009,2023-08-10 06:38:44,2023-08-10 08:37:42
120,7000119,3040200002,2023-01-03 18:48:56,2023-01-03 21:19:50
121,7000120,3040200009,2025-01-08 16:19:14,2025-01-08 19:29:35
122,7000121,3040200001,2024-02-07 09:16:37,2024-02-07 10:54:39
123,7000122,3040200009,2025-01-15 17:56:16,2025-01-15 19:56:28
124,7000123,3040200009,2025-11-28 00:38:05,2025-11-28 03:16:06
125,7000124,3040200009,2023-01-31 19:55:40,2023-02-01 01:14:22
126,7000125,3040200001,2025-02-09 12:59:43,2025-02-09 15:54:19
127,7000126,3040200002,2024-09-24 10:50:25,2024-09-24 12:33:11
128,7000127,3040200001,2025-04-30 06:25:04,2025-04-30 07:37:24
129,7000128,3040200003,2023-04-15 19:05:08,2023-04-15 20:13:38
130,7000129,3040200003,2025-01-02 20:42:53,2025-01-02 21:38:08
131,7000130,3040200009,2023-02-13 04:59:45,2023-02-13 08:06:56
132,7000131,3040200009,2024-04-04 04:41:28,2024-04-04 08:24:38
133,7000132,3040200001,2024-07-16 22:17:17,2024-07-17 00:40:44
134,7000133,3040200003,2024-01-19 19:04:31,2024-01-19 21:14:56
135,7000134,3040200002,2025-05-22 21:06:47,2025-05-22 23:32:05
136,7000135,3040200003,2025-11-06 21:33:41,2025-11-07 00:40:43
137,7000136,3040200003,2024-10-17 17:30:53,2024-10-17 18:21:01
138,7000137,3040200009,2023-02-28 21:41:59,2023-03-01 00:42:05
139,7000138,3040200002,2025-01-01 22:52:21,2025-01-02 00:21:24
140,7000139,3040200009,2025-05-08 19:57:30,2025-05-08 21:08:07
141,7000140,3040200009,2025-05-11 13:51:36,2025-05-11 17:38:32
142,7000141,3040200002,2024-10-13 08:14:13,2024-10-13 09:44:17
143,7000142,3040200003,2023-01-10 17:28:00,2023-01-10 19:44:31
144,7000143,3040200001,2024-07-22 18:13:52,2024-07-22 19:59:07
145,7000144,3040200001,2024-02-28 16:23:57,2024-02-28 21:30:10
146,7000145,3040200003,2024-05-29 02:01:57,2024-05-29 03:01:12
147,7000146,3040200009,2023-04-06 08:01:16,2023-04-06 09:15:14
148,7000147,3040200002,2024-05-11 21:09:36,2024-05-11 22:40:02
149,7000148,3040200002,2025-10-31 00:22:14,2025-10-31 01:09:32
150,7000149,3040200009,2024-06-17 02:17:01,2024-06-17 04:50:44
151,7000150,3040200001,2023-09-25 17:17:39,2023-09-25 18:52:29
152,7000151,3040200002,2024-02-14 15:05:37,2024-02-14 17:40:30
153,7000152,3040200009,2025-08-31 12:52:18,2025-08-31 14:07:51
154,7000153,3040200001,2025-09-03 20:53:23,2025-09-03 23:21:28
155,7000154,3040200002,2024-08-16 13:56:44,2024-08-16 15:49:41
156,7000155,3040200001,2025-12-08 12:53:27,2025-12-08 16:41:24
157,7000156,3040200003,2023-06-25 08:18:51,2023-06-25 11:22:11
158,7000157,3040200009,2025-03-15 14:03:09,2025-03-15 15:06:31
159,7000158,3040200001,2024-11-27 07:21:00,2024-11-27 09:11:02
160,7000159,3040200001,2023-07-21 12:09:37,2023-07-21 15:09:43
161,7000160,3040200003,2024-03-11 02:16:09,2024-03-11 04:03:44
162,7000161,3040200002,2025-12-07 10:40:12,2025-12-07 12:11:47
163,7000162,3040200002,2024-12-06 10:37:55,2024-12-06 11:52:00
164,7000163,3040200003,2025-08-16 19:22:33,2025-08-16 20:32:29
165,7000164,3040200001,2025-07-04 10:00:39,2025-07-04 11:43:16
166,7000165,3040200003,2024-04-09 13:19:59,2024-04-09 15:54:15
167,7000166,3040200002,2025-01-29 06:41:36,2025-01-29 08:33:24
168,7000167,3040200001,2024-08-09 14:28:29,2024-08-09 17:00:30
169,7000168,3040200002,2025-07-04 08:57:51,2025-07-04 12:42:24
170,7000169,3040200001,2024-04-09 23:30:06,2024-04-10 01:25:45
171,7000170,3040200001,2023-06-13 09:25:22,2023-06-13 10:07:35
172,7000171,3040200009,2025-08-22 07:03:37,2025-08-22 08:03:54
173,7000172,3040200003,2024-04-20 22:38:45,2024-04-21 00:19:37
174,7000173,3040200002,2024-04-28 09:44:51,2024-04-28 12:46:35
175,7000174,3040200002,2023-10-14 00:02:45,2023-10-14 00:59:33
176,7000175,3040200003,2025-10-23 09:20:05,2025-10-23 12:23:21
177,7000176,3040200003,2024-06-29 04:53:21,2024-06-29 06:00:28
178,7000177,3040200003,2025-07-07 04:39:52,2025-07-07 05:37:00
179,7000178,3040200009,2024-05-05 04:18:45,2024-05-05 05:48:47
180,7000179,3040200001,2025-07-10 04:21:27,2025-07-10 05:41:36
181,7000180,3040200009,2023-03-31 04:24:16,2023-03-31 07:22:12
182,7000181,3040200001,2024-12-13 10:31:26,2024-12-13 13:35:13
183,7000182,3040200001,2024-08-10 01:05:17,2024-08-10 01:50:54
184,7000183,3040200001,2023-05-02 13:29:51,2023-05-02 15:35:41
185,7000184,3040200001,2024-04-29 13:05:02,2024-04-29 15:08:25
186,7000185,3040200001,2023-11-10 12:46:24,2023-11-10 15:45:55
187,7000186,3040200009,2024-03-03 13:26:24,2024-03-03 14:06:29
188,7000187,3040200002,2025-02-18 07:45:22,2025-02-18 09:25:12
189,7000188,3040200002,2025-07-26 11:16:28,2025-07-26 12:20:49
190,7000189,3040200001,2023-04-27 18:08:12,2023-04-27 19:11:37
191,7000190,3040200003,2024-10-03 07:00:15,2024-10-03 08:55:22
192,7000191,3040200003,2023-08-14 13:49:15,2023-08-14 14:32:22
193,7000192,3040200001,2024-03-10 21:10:12,2024-03-10 22:40:30
194,7000193,3040200003,2025-02-02 10:30:40,2025-02-02 14:11:12
195,7000194,3040200003,2023-04-21 05:44:44,2023-04-21 08:17:45
196,7000195,3040200009,2024-03-19 15:03:40,2024-03-19 17:14:08
197,7000196,3040200002,2025-07-07 14:08:14,2025-07-07 14:54:31
198,7000197,3040200002,2023-08-04 17:56:06,2023-08-04 18:56:52
199,7000198,3040200009,2023-07-04 15:41:35,2023-07-04 18:44:38
200,7000199,3040200009,2025-09-12 07:32:20,2025-09-12 08:33:15
990001081,990001031,3040200001,2024-07-17 08:05:00,2157-11-19 00:00:00
