ANAES_KEY,SEQ,STAFF_KEY,ROLE_CAT,START_TS,END_TS
7000000,4,11000000,1,2025-09-05 17:36:39,2024-10-03 01:08:24
7000001,3,11000001,2,2023-10-17 00:53:35,2025-07-27 12:32:17
7000002,5,11000002,3,2024-12-13 07:30:30,2024-12-21 02:04:25
7000003,4,11000003,3,2025-05-05 04:52:12,2023-04-04 06:18:23
7000004,6,11000004,3,2024-07-14 12:16:44,2025-11-19 00:13:32
7000005,1,11000005,3,2025-04-07 11:17:52,2023-11-26 23:01:24
7000006,3,11000006,3,2023-11-11 02:46:13,2025-01-19 16:42:38
7000007,1,11000007,2,2025-03-10 09:30:03,2023-08-28 18:42:43
7000008,3,11000008,3,2023-04-09 07:54:09,2023-11-05 14:15:42
7000009,6,11000009,3,2025-07-31 14:37:12,2025-01-28 13:42:27
7000010,3,11000010,1,2023-12-01 05:59:45,2024-09-23 01:55:39
7000011,1,11000011,1,2023-02-10 09:59:45,2023-05-30 14:10:14
7000012,2,11000012,3,2025-04-14 03:39:18,2023-08-16 00:45:46
7000013,4,11000013,3,2024-08-02 00:10:29,2024-07-03 21:08:13
7000014,5,11000014,2,2023-01-19 22:24:45,2023-11-10 22:40:29
7000015,3,11000015,2,2023-10-19 23:49:40,2024-02-21 18:38:32
7000016,4,11000016,3,2023-11-18 12:03:40,2023-12-12 22:44:39
7000017,4,11000017,1,2025-08-14 18:49:46,2023-12-13 02:19:00
7000018,1,11000018,3,2023-07-03 16:44:35,2024-07-27 17:39:28
7000019,5,11000019,3,2023-11-20 08:35:10,2025-02-18 04:43:35
7000020,4,11000020,2,2025-09-30 20:32:03,2023-10-28 06:23:42
7000021,2,11000021,1,2025-03-29 03:18:22,2024-08-04 18:17:28
7000022,6,11000022,3,2024-05-27 23:39:21,2024-12-28 23:25:05
7000023,6,11000023,1,2024-01-10 18:31:17,2024-10-21 05:41:05
7000024,4,11000024,1,2024-10-26 22:12:36,2023-10-07 08:19:00
7000025,2,11000025,1,2025-11-20 18:02:07,2025-11-06 12:46:11
7000026,6,11000026,3,2023-03-12 12:30:11,2023-03-28 16:29:39
7000027,1,11000027,3,2024-05-13 20:55:38,2023-04-13 16:32:22
7000028,6,11000028,1,2024-07-13 19:34:42,2024-03-16 17:18:31
7000029,1,11000029,1,2025-11-27 05:28:14,2023-12-27 10:28:56
7000030,2,11000030,2,2025-05-03 17:47:32,2024-08-07 21:57:42
7000031,3,11000031,1,2024-09-20 09:50:19,2023-05-20 15:52:19
7000032,3,11000032,2,2023-03-15 09:43:45,2023-03-29 09:41:18
7000033,1,11000033,2,2025-10-16 13:44:21,2024-04-05 05:05:45
7000034,1,11000034,2,2025-11-28 11:49:14,2023-05-14 16:36:41
7000035,1,11000035,1,2023-01-15 02:15:42,2024-01-25 11:27:35
7000036,1,11000036,1,2024-02-06 20:02:11,2023-12-18 12:48:54
7000037,6,11000037,2,2024-07-27 09:45:48,2024-06-07 10:51:18
7000038,6,11000038,2,2025-01-20 13:45:52,2024-02-21 09:53:22
7000039,3,11000039,1,2024-10-17 04:42:19,2025-06-22 22:01:03
7000040,2,11000040,2,2023-02-16 17:35:59,2023-06-15 00:29:02
7000041,1,11000041,2,2024-07-29 22:14:42,2025-11-15 16:06:13
7000042,4,11000042,1,2025-01-03 08:09:08,2025-07-16 09:00:21
7000043,3,11000043,2,2023-11-17 19:53:17,2024-12-20 04:36:10
7000044,3,11000044,2,2025-08-21 23:02:38,2023-10-09 12:28:22
7000045,5,11000045,3,2025-01-21 20:10:31,2024-01-31 20:56:03
7000046,3,11000046,2,2023-01-03 22:16:00,2023-06-26 12:47:33
7000047,5,11000047,1,2024-08-16 19:53:28,2025-11-08 17:54:25
7000048,3,11000048,2,2023-07-07 10:16:53,2025-03-14 02:50:14
7000049,5,11000049,1,2023-02-23 14:13:57,2024-07-17 06:47:36
7000050,6,11000050,3,2024-05-06 05:29:58,2024-04-26 06:54:48
7000051,2,11000051,2,2023-11-18 09:41:03,2025-01-06 09:39:04
7000052,1,11000052,2,2025-03-14 05:03:19,2025-06-15 18:46:17
7000053,3,11000053,3,2024-04-09 12:14:55,2024-12-31 15:27:34
7000054,5,11000054,2,2025-06-17 12:34:00,2025-09-19 22:21:26
7000055,6,11000055,1,2024-04-11 08:20:46,2023-11-21 00:53:34
7000056,5,11000056,2,2024-08-15 15:47:28,2025-01-09 05:03:37
7000057,3,11000057,3,2025-09-26 01:32:01,2025-10-01 03:27:45
7000058,1,11000058,3,2025-08-23 10:12:22,2025-03-20 13:51:57
7000059,2,11000059,3,2024-01-20 09:51:46,2024-03-07 02:26:13
7000060,1,11000060,3,2024-05-13 07:13:38,2025-08-23 17:37:33
7000061,2,11000061,2,2023-07-26 03:32:23,2023-08-10 01:03:53
7000062,1,11000062,3,2024-02-28 00:21:19,2025-03-17 23:02:43
7000063,4,11000063,2,2025-12-14 17:15:26,2025-06-30 02:42:55
7000064,2,11000064,3,2025-01-30 05:41:55,2024-02-25 17:39:21
7000065,4,11000065,2,2023-10-24 12:27:51,2023-11-02 00:07:51
7000066,2,11000066,3,2023-03-27 13:23:51,2025-08-27 15:56:58
7000067,1,11000067,3,2024-08-06 08:00:22,2024-12-22 14:22:50
7000068,5,11000068,2,2023-11-01 12:06:35,2024-06-27 15:23:04
7000069,3,11000069,3,2023-04-25 10:03:08,2025-07-11 05:01:12
7000070,6,11000070,1,2024-09-09 04:46:31,2023-12-05 02:31:08
7000071,6,11000071,1,2024-12-06 06:28:21,2025-09-15 14:11:24
7000072,1,11000072,2,2025-01-30 03:31:26,2023-05-23 19:12:13
7000073,1,11000073,1,2025-05-27 18:49:18,2025-09-06 19:00:57
7000074,4,11000074,1,2024-11-22 02:57:11,2024-06-01 02:20:16
7000075,5,11000075,3,2023-01-13 16:01:26,2025-06-20 21:28:47
7000076,3,11000076,1,2025-09-04 10:46:21,2025-03-28 11:20:10
7000077,2,11000077,3,2024-10-25 14:41:02,2025-08-29 21:44:36
7000078,3,11000078,1,2025-11-20 00:40:01,2024-02-19 01:32:42
7000079,6,11000079,3,2025-04-07 05:23:15,2024-02-09 18:07:00
7000080,3,11000080,2,2023-09-03 11:12:54,2025-06-01 07:59:39
7000081,4,11000081,3,2023-10-01 10:13:51,2025-12-18 06:11:25
7000082,6,11000082,2,2023-10-12 06:01:11,2024-03-27 23:40:00
7000083,3,11000083,2,2025-10-15 20:44:16,2023-09-24 13:09:14
7000084,5,11000084,3,2023-05-06 18:51:03,2023-06-06 04:06:21
7000085,3,11000085,2,2025-02-07 03:32:56,2023-02-04 12:40:55
7000086,5,11000086,2,2023-09-08 00:17:28,2024-01-16 13:38:49
7000087,4,11000087,2,2024-01-25 16:10:44,2024-03-21 03:12:28
7000088,2,11000088,1,2023-11-10 14:30:26,2025-03-21 08:52:08
7000089,4,11000089,2,2023-06-22 09:16:08,2024-03-27 08:56:39
7000090,4,11000090,2,2025-06-02 22:47:34,2024-08-19 02:34:19
7000091,4,11000091,2,2024-09-17 04:54:49,2023-03-07 10:19:20
7000092,6,11000092,3,2024-02-29 17:42:58,2024-11-11 09:58:37
7000093,3,11000093,2,2023-07-22 05:17:05,2024-11-18 10:54:47
7000094,5,11000094,1,2023-04-22 10:00:58,2024-09-20 10:32:11
7000095,2,11000095,3,2025-01-10 09:25:38,2023-10-13 20:51:48
7000096,6,11000096,2,2025-11-20 23:41:27,2024-07-16 15:19:00
7000097,6,11000097,1,2023-10-03 18:18:26,2024-08-11 16:57:33
7000098,3,11000098,3,2023-03-11 20:33:30,2023-03-25 10:59:18
7000099,5,11000099,3,2025-06-12 13:21:00,2024-07-22 11:11:30
7000100,4,11000100,1,2025-03-10 20:31:00,2024-11-20 08:19:10
7000101,6,11000101,1,2024-12-04 16:47:54,2023-06-03 07:11:08
7000102,2,11000102,1,2024-05-20 05:32:37,2025-02-25 22:35:54
7000103,3,11000103,2,2025-01-17 00:24:52,2023-10-05 16:53:02
7000104,5,11000104,1,2025-03-24 14:31:44,2025-05-07 09:16:48
7000105,5,11000105,3,2023-09-24 21:44:34,2023-03-25 11:54:43
7000106,5,11000106,3,2023-07-09 05:30:19,2025-09-26 23:22:23
7000107,5,11000107,1,2025-02-22 01:58:07,2025-03-25 08:00:06
7000108,6,11000108,2,2023-02-08 21:23:24,2025-10-26 12:34:20
7000109,4,11000109,2,2024-03-31 19:02:36,2025-03-08 07:21:49
7000110,1,11000110,2,2023-09-28 13:25:14,2025-04-26 07:33:21
7000111,1,11000111,2,2024-04-23 20:52:20,2025-09-09 08:32:33
7000112,2,11000112,2,2024-08-14 04:34:45,2024-02-28 17:42:31
7000113,5,11000113,1,2024-09-13 03:21:55,2024-11-19 20:35:25
7000114,5,11000114,3,2024-05-12 14:50:53,2025-01-22 07:55:23
7000115,1,11000115,1,2023-03-10 19:58:07,2025-01-23 05:03:27
7000116,3,11000116,2,2023-11-01 00:56:31,2024-08-10 14:39:06
7000117,1,11000117,2,2024-05-29 05:24:42,2023-09-14 22:59:36
7000118,1,11000118,1,2024-01-23 01:29:38,2025-11-11 11:42:42
7000119,4,11000119,2,2023-06-04 10:24:19,2024-05-19 13:06:21
7000120,5,11000120,3,2024-09-24 04:42:54,2024-07-14 11:04:41
7000121,2,11000121,1,2025-06-12 13:03:31,2023-01-31 17:05:33
7000122,6,11000122,2,2023-10-03 08:05:09,2025-10-08 08:46:46
7000123,4,11000123,2,2023-10-06 05:22:45,2023-04-21 19:04:26
7000124,5,11000124,3,2025-02-26 00:59:41,2023-12-19 10:59:41
7000125,5,11000125,3,2025-11-02 19:27:12,2023-07-20 19:31:17
7000126,3,11000126,3,2025-04-09 15:22:10,2025-07-02 04:21:33
7000127,5,11000127,2,2023-05-14 09:00:27,2025-05-10 12:18:51
7000128,5,11000128,3,2023-12-08 12:17:00,2024-10-15 18:07:46
7000129,3,11000129,2,2023-04-08 08:43:31,2024-06-06 20:15:28
7000130,4,11000130,3,2025-02-17 23:13:29,2023-04-04 10:45:06
7000131,2,11000131,3,2025-12-02 07:16:31,2023-09-26 07:20:09
7000132,1,11000132,3,2024-03-05 21:17:47,2024-01-02 17:21:15
7000133,3,11000133,2,2024-02-09 04:19:09,2025-01-12 11:02:18
7000134,6,11000134,2,2023-06-06 03:10:12,2024-08-24 07:29:32
7000135,3,11000135,2,2025-02-07 07:59:00,2025-10-03 05:22:32
7000136,2,11000136,1,2025-11-12 20:12:19,2025-06-29 08:51:42
7000137,2,11000137,2,2025-01-02 19:20:47,2025-02-22 21:23:55
7000138,5,11000138,2,2023-05-19 15:29:42,2023-06-20 02:15:33
7000139,4,11000139,2,2024-07-04 13:37:24,2025-04-08 20:38:35
7000140,1,11000140,3,2025-05-25 23:38:51,2023-05-15 01:58:05
7000141,6,11000141,1,2024-10-30 00:05:21,2023-07-10 19:37:31
7000142,6,11000142,2,2023-11-24 16:00:43,2024-12-10 16:25:54
7000143,2,11000143,3,2023-11-10 03:02:20,2024-05-29 02:54:09
7000144,5,11000144,2,2024-01-17 07:36:41,2024-11-16 11:35:29
7000145,3,11000145,3,2024-09-17 16:06:14,2024-11-25 09:40:45
7000146,2,11000146,2,2023-05-02 16:05:04,2025-10-14 12:21:03
7000147,4,11000147,2,2025-03-17 19:18:20,2025-04-03 15:39:27
7000148,4,11000148,3,2023-04-18 22:18:30,2024-04-09 14:20:13
7000149,3,11000149,3,2024-11-13 02:45:09,2023-02-23 04:41:35
7000150,6,11000150,2,2023-12-04 08:05:27,2023-11-16 16:07:42
7000151,1,11000151,2,2023-10-03 22:17:02,2023-03-04 17:52:09
7000152,1,11000152,2,2023-01-07 18:29:31,2024-02-01 02:25:53
7000153,5,11000153,1,2025-04-15 01:01:29,2024-09-17 23:11:12
7000154,4,11000154,1,2025-03-11 08:17:56,2024-05-13 08:58:51
7000155,3,11000155,1,2025-12-19 21:46:24,2025-01-20 22:09:55
7000156,2,11000156,3,2024-12-15 03:48:35,2024-09-01 12:17:28
7000157,3,11000157,2,2024-09-27 20:58:50,2025-08-02 05:37:25
7000158,4,11000158,2,2025-05-09 07:17:56,2025-07-31 15:12:10
7000159,6,11000159,2,2023-07-24 18:39:14,2023-01-18 14:14:04
7000160,1,11000160,2,2024-01-04 22:07:11,2024-03-10 08:30:09
7000161,5,11000161,2,2025-06-12 13:08:28,2023-08-09 09:26:01
7000162,4,11000162,1,2025-07-21 04:48:52,2023-03-24 03:40:48
7000163,3,11000163,3,2024-05-06 20:54:06,2025-08-05 08:17:18
7000164,3,11000164,1,2025-06-22 03:27:06,2024-01-11 04:26:23
7000165,3,11000165,1,2024-08-12 12:44:42,2024-10-25 10:28:46
7000166,2,11000166,1,2023-05-22 03:35:07,2024-10-10 19:06:42
7000167,6,11000167,1,2025-04-24 15:02:06,2025-11-04 08:20:59
7000168,6,11000168,3,2023-09-20 06:08:20,2024-09-07 06:37:29
7000169,4,11000169,1,2025-07-23 18:04:45,2025-07-12 08:39:31
7000170,3,11000170,3,2025-02-25 23:15:41,2023-10-15 18:07:34
7000171,2,11000171,3,2024-03-06 05:05:32,2023-01-01 16:54:38
7000172,1,11000172,2,2024-01-01 07:35:26,2023-01-17 17:35:04
7000173,2,11000173,3,2023-01-08 04:23:37,2024-02-17 04:44:17
7000174,1,11000174,2,2024-07-19 18:26:10,2025-01-12 18:23:07
7000175,2,11000175,2,2023-11-01 17:04:00,2024-11-22 08:15:07
7000176,6,11000176,3,2024-03-26 20:51:30,2023-06-07 02:47:38
7000177,4,11000177,3,2024-09-27 05:16:56,2025-12-25 16:04:53
7000178,6,11000178,2,2025-06-07 10:21:48,2023-08-15 06:07:52
7000179,2,11000179,3,2025-05-13 22:22:08,2025-11-08 00:15:28
7000180,4,11000180,1,2025-05-25 06:11:17,2024-05-20 13:27:28
7000181,4,11000181,3,2023-05-15 12:13:43,2025-12-23 03:27:27
7000182,1,11000182,1,2024-06-13 21:48:34,2025-09-23 15:01:52
7000183,4,11000183,2,2023-06-28 18:27:43,2025-05-10 05:17:24
7000184,5,11000184,1,2025-09-18 21:36:09,2023-02-23 20:51:18
7000185,6,11000185,2,2023-08-27 20:02:54,2024-12-21 15:13:40
7000186,3,11000186,2,2025-09-27 07:48:48,2025-02-20 03:41:35
7000187,1,11000187,3,2023-11-28 18:10:16,2023-02-28 16:12:32
7000188,6,11000188,1,2023-05-12 09:28:50,2024-07-06 12:45:51
7000189,5,11000189,1,2024-11-01 14:14:33,2023-10-29 18:29:37
7000190,4,11000190,3,2023-09-15 19:09:19,2023-03-04 16:43:25
7000191,5,11000191,3,2025-07-16 17:13:53,2025-02-18 20:51:36
7000192,3,11000192,3,2025-06-07 20:52:31,2023-03-09 14:21:45
7000193,1,11000193,1,2025-01-23 07:13:35,2024-06-04 12:15:17
7000194,2,11000194,2,2024-06-27 13:31:31,2025-11-05 19:04:08
7000195,6,11000195,1,2023-03-24 05:56:59,2025-11-22 09:16:45
7000196,6,11000196,3,2025-03-22 04:30:48,2024-11-04 09:30:20
7000197,4,11000197,1,2023-01-26 20:40:19,2025-11-02 19:31:32
7000198,2,11000198,3,2024-12-02 20:38:28,2023-02-14 16:07:12
7000199,2,11000199,1,2023-03-22 23:14:11,2025-07-17 22:51:41
