ANAES_KEY,CASE_KEY,VISIT_KEY,RISK_GRADE_CAT,ANAES_KIND_CAT,ANAES_START_TS,ANAES_STOP_TS
7000000,12000000,3,1,4,2023-10-06 15:20:14,2023-10-06 17:05:14
7000001,12000001,2,3,2,2023-10-07 19:01:47,2023-10-07 20:01:47
7000002,12000002,4,1,1,2025-01-11 15:53:07,2025-01-11 17:03:07
7000003,12000003,1,5,1,2023-09-06 04:56:28,2023-09-06 06:06:28
7000004,12000004,6,1,2,2024-01-10 22:50:35,2024-01-11 02:50:35
7000005,12000005,4,4,4,2024-06-19 01:57:53,2024-06-19 03:07:53
7000006,12000006,2,1,3,2025-02-17 13:55:03,2025-02-17 17:10:03
7000007,12000007,4,1,3,2024-01-07 20:13:10,2024-01-07 21:33:10
7000008,12000008,2,1,1,2023-01-17 00:00:18,2023-01-17 02:45:18
7000009,12000009,2,5,3,2023-11-13 08:43:45,2023-11-13 09:43:45
7000010,12000010,4,1,4,2025-09-12 21:53:17,2025-09-12 23:23:17
7000011,12000011,5,5,1,2024-06-12 14:28:41,2024-06-12 15:28:41
7000012,12000012,2,4,4,2023-06-02 01:12:08,2023-06-02 04:27:08
7000013,12000013,3,2,4,2025-09-30 08:31:24,2025-09-30 10:01:24
7000014,12000014,3,1,4,2024-04-20 21:14:09,2024-04-21 02:34:09
7000015,12000015,1,4,3,2025-05-12 14:17:01,2025-05-12 16:37:01
7000016,12000016,4,3,1,2024-01-31 22:44:28,2024-01-31 23:44:28
7000017,12000017,1,4,2,2025-11-11 14:43:13,2025-11-11 17:58:13
7000018,12000018,2,1,1,2024-01-09 04:02:46,2024-01-09 05:22:46
7000019,12000019,5,1,2,2024-06-13 10:27:17,2024-06-13 13:12:17
7000020,12000020,3,2,2,2023-01-28 19:36:57,2023-01-28 22:21:57
7000021,12000021,5,4,1,2023-03-25 13:36:50,2023-03-25 15:56:50
7000022,12000022,1,3,2,2025-05-24 21:05:02,2025-05-24 22:15:02
7000023,12000023,6,1,4,2025-07-08 22:33:09,2025-07-09 01:18:09
7000024,12000024,2,2,1,2024-02-27 21:02:08,2024-02-27 22:12:08
7000025,12000025,6,3,1,2024-05-17 19:17:25,2024-05-17 23:17:25
7000026,12000026,5,2,1,2023-01-20 20:21:59,2023-01-20 21:31:59
7000027,12000027,6,3,1,2023-12-14 01:03:46,2023-12-14 02:48:46
7000028,12000028,1,5,4,2024-12-24 07:51:50,2024-12-24 09:51:50
7000029,12000029,6,2,1,2025-06-10 06:36:44,2025-06-10 08:21:44
7000030,12000030,1,5,1,2023-03-24 08:55:57,2023-03-24 09:55:57
7000031,12000031,6,3,4,2023-06-29 07:37:01,2023-06-29 08:47:01
7000032,12000032,1,3,4,2023-10-07 06:08:47,2023-10-07 08:53:47
7000033,12000033,4,4,1,2024-01-05 02:34:20,2024-01-05 03:34:20
7000034,12000034,6,3,3,2025-09-22 09:11:13,2025-09-22 10:56:13
7000035,12000035,6,4,3,2025-04-10 13:56:29,2025-04-10 16:41:29
7000036,12000036,4,1,4,2025-05-04 18:37:24,2025-05-04 23:57:24
7000037,12000037,2,5,2,2025-03-15 05:28:55,2025-03-15 06:58:55
7000038,12000038,6,5,1,2025-06-20 04:39:52,2025-06-20 07:54:52
7000039,12000039,6,1,1,2024-10-25 01:44:50,2024-10-25 02:44:50
7000040,12000040,5,3,2,2024-03-22 16:31:32,2024-03-22 19:16:32
7000041,12000041,3,2,1,2025-08-15 16:45:57,2025-08-15 20:45:57
7000042,12000042,2,2,4,2023-10-23 17:26:00,2023-10-23 19:11:00
7000043,12000043,4,2,1,2024-10-19 19:29:53,2024-10-19 21:29:53
7000044,12000044,3,5,3,2023-06-19 09:02:33,2023-06-19 13:02:33
7000045,12000045,6,5,1,2025-03-12 15:21:33,2025-03-12 16:21:33
7000046,12000046,2,5,1,2024-12-17 10:25:13,2024-12-17 15:45:13
7000047,12000047,5,3,1,2025-02-04 20:06:59,2025-02-04 22:26:59
7000048,12000048,4,2,1,2024-06-15 14:30:40,2024-06-15 18:30:40
7000049,12000049,1,3,4,2025-01-25 14:44:00,2025-01-25 20:04:00
7000050,12000050,4,2,1,2025-01-04 01:04:47,2025-01-04 03:24:47
7000051,12000051,3,3,3,2024-04-14 08:08:51,2024-04-14 09:38:51
7000052,12000052,2,5,1,2025-01-15 20:09:26,2025-01-16 01:29:26
7000053,12000053,4,1,1,2025-04-21 02:23:06,2025-04-21 03:53:06
7000054,12000054,1,5,2,2024-08-24 13:21:59,2024-08-24 16:36:59
7000055,12000055,5,4,2,2025-08-21 11:41:33,2025-08-21 13:41:33
7000056,12000056,2,1,3,2023-01-03 18:53:44,2023-01-03 21:38:44
7000057,12000057,4,1,1,2023-05-28 16:27:50,2023-05-28 18:12:50
7000058,12000058,5,2,4,2024-11-25 13:33:32,2024-11-25 15:53:32
7000059,12000059,4,4,4,2025-01-07 03:03:49,2025-01-07 04:03:49
7000060,12000060,5,3,3,2025-08-28 23:23:17,2025-08-29 01:43:17
7000061,12000061,4,4,4,2023-07-01 06:32:35,2023-07-01 11:52:35
7000062,12000062,6,3,3,2024-08-16 12:15:53,2024-08-16 13:15:53
7000063,12000063,4,4,1,2023-09-16 07:13:23,2023-09-16 08:33:23
7000064,12000064,4,3,1,2024-10-18 01:15:09,2024-10-18 02:25:09
7000065,12000065,6,3,1,2025-11-04 06:19:27,2025-11-04 08:04:27
7000066,12000066,6,2,1,2025-06-14 20:00:47,2025-06-14 23:15:47
7000067,12000067,3,3,1,2025-11-02 00:25:55,2025-11-02 02:25:55
7000068,12000068,2,3,1,2025-02-21 07:37:58,2025-02-21 09:57:58
7000069,12000069,1,2,1,2025-07-17 12:01:28,2025-07-17 14:01:28
7000070,12000070,2,4,1,2023-03-30 01:02:15,2023-03-30 03:02:15
7000071,12000071,3,4,1,2025-11-30 18:48:46,2025-11-30 20:18:46
7000072,12000072,1,1,1,2024-01-04 14:59:30,2024-01-04 16:09:30
7000073,12000073,2,1,3,2024-03-31 16:10:46,2024-03-31 20:10:46
7000074,12000074,2,5,4,2023-07-01 22:23:08,2023-07-01 23:43:08
7000075,12000075,5,5,1,2023-11-09 21:45:52,2023-11-09 23:15:52
7000076,12000076,3,5,2,2025-12-12 22:05:15,2025-12-12 23:05:15
7000077,12000077,2,4,1,2025-05-08 11:06:29,2025-05-08 12:26:29
7000078,12000078,2,3,2,2024-06-08 20:41:23,2024-06-08 21:41:23
7000079,12000079,2,1,3,2024-08-31 19:05:03,2024-08-31 23:05:03
7000080,12000080,5,2,3,2025-12-11 19:54:29,2025-12-11 22:39:29
7000081,12000081,4,2,3,2024-04-25 14:05:49,2024-04-25 15:05:49
7000082,12000082,3,4,1,2023-12-04 07:14:54,2023-12-04 12:34:54
7000083,12000083,6,5,1,2023-08-18 06:35:57,2023-08-18 07:35:57
7000084,12000084,5,3,1,2024-12-05 12:16:10,2024-12-05 13:26:10
7000085,12000085,6,2,1,2024-09-25 10:41:08,2024-09-25 12:26:08
7000086,12000086,5,4,1,2024-07-28 02:36:41,2024-07-28 07:56:41
7000087,12000087,2,2,1,2025-11-28 19:37:18,2025-11-28 21:37:18
7000088,12000088,4,2,2,2025-03-19 02:57:04,2025-03-19 04:57:04
7000089,12000089,1,1,1,2024-03-26 19:06:02,2024-03-26 22:21:02
7000090,12000090,1,4,4,2025-04-26 01:57:28,2025-04-26 03:17:28
7000091,12000091,1,1,3,2023-10-27 10:24:09,2023-10-27 14:24:09
7000092,12000092,2,1,1,2025-03-06 08:41:11,2025-03-06 12:41:11
7000093,12000093,5,4,1,2024-10-25 03:38:49,2024-10-25 05:58:49
7000094,12000094,3,2,1,2023-07-10 14:27:25,2023-07-10 16:12:25
7000095,12000095,3,4,1,2025-12-02 18:26:10,2025-12-02 23:46:10
7000096,12000096,4,1,3,2025-05-24 08:14:09,2025-05-24 09:44:09
7000097,12000097,1,5,2,2025-05-15 00:20:18,2025-05-15 02:40:18
7000098,12000098,4,2,2,2024-12-05 18:15:40,2024-12-05 23:35:40
7000099,12000099,3,1,1,2025-09-15 22:17:29,2025-09-16 03:37:29
7000100,12000100,6,3,1,2024-08-13 08:39:26,2024-08-13 10:59:26
7000101,12000101,5,2,1,2024-01-30 14:28:04,2024-01-30 15:28:04
7000102,12000102,6,4,1,2025-10-01 16:21:02,2025-10-01 20:21:02
7000103,12000103,6,2,1,2023-03-29 07:24:38,2023-03-29 10:09:38
7000104,12000104,6,2,1,2024-12-10 04:43:08,2024-12-10 05:43:08
7000105,12000105,3,2,1,2025-11-02 23:51:43,2025-11-03 05:11:43
7000106,12000106,4,4,1,2023-12-03 15:43:37,2023-12-03 17:03:37
7000107,12000107,4,5,3,2024-12-07 04:34:19,2024-12-07 08:34:19
7000108,12000108,2,1,4,2025-04-14 04:01:21,2025-04-14 05:31:21
7000109,12000109,2,4,1,2025-02-02 11:33:38,2025-02-02 16:53:38
7000110,12000110,6,2,1,2025-09-15 13:54:08,2025-09-15 14:54:08
7000111,12000111,6,3,1,2024-10-03 04:32:17,2024-10-03 05:52:17
7000112,12000112,4,5,2,2024-10-23 12:48:09,2024-10-23 14:33:09
7000113,12000113,3,3,1,2025-08-27 15:21:50,2025-08-27 16:41:50
7000114,12000114,2,2,1,2023-08-31 22:28:16,2023-09-01 02:28:16
7000115,12000115,3,4,3,2025-02-03 07:55:45,2025-02-03 13:15:45
7000116,12000116,4,4,4,2023-01-05 15:41:10,2023-01-05 21:01:10
7000117,12000117,6,1,1,2025-11-11 17:25:41,2025-11-11 19:10:41
7000118,12000118,6,5,2,2023-08-10 06:23:56,2023-08-10 08:43:56
7000119,12000119,4,3,4,2023-01-03 18:42:56,2023-01-03 21:27:56
7000120,12000120,5,3,4,2025-01-08 16:14:43,2025-01-08 19:29:43
7000121,12000121,6,1,3,2024-02-07 09:11:19,2024-02-07 10:56:19
7000122,12000122,6,1,4,2025-01-15 17:42:18,2025-01-15 20:02:18
7000123,12000123,2,4,1,2025-11-28 00:33:40,2025-11-28 03:18:40
7000124,12000124,2,2,1,2023-01-31 19:54:26,2023-02-01 01:14:26
7000125,12000125,5,1,2,2025-02-09 12:46:37,2025-02-09 16:01:37
7000126,12000126,1,3,1,2024-09-24 10:40:17,2024-09-24 12:40:17
7000127,12000127,1,5,1,2025-04-30 06:18:24,2025-04-30 07:38:24
7000128,12000128,5,2,1,2023-04-15 18:54:18,2023-04-15 20:14:18
7000129,12000129,4,5,3,2025-01-02 20:30:19,2025-01-02 21:40:19
7000130,12000130,5,4,1,2023-02-13 04:59:41,2023-02-13 08:14:41
7000131,12000131,5,2,1,2024-04-04 04:34:10,2024-04-04 08:34:10
7000132,12000132,2,1,1,2024-07-16 22:05:11,2024-07-17 00:50:11
7000133,12000133,5,2,2,2024-01-19 19:03:31,2024-01-19 21:23:31
7000134,12000134,3,5,1,2025-05-22 20:56:07,2025-05-22 23:41:07
7000135,12000135,2,1,2,2025-11-06 21:26:30,2025-11-07 00:41:30
7000136,12000136,3,4,4,2024-10-17 17:23:08,2024-10-17 18:23:08
7000137,12000137,4,5,4,2023-02-28 21:32:27,2023-03-01 00:47:27
7000138,12000138,3,4,1,2025-01-01 22:37:54,2025-01-02 00:22:54
7000139,12000139,3,2,2,2025-05-08 19:43:55,2025-05-08 21:13:55
7000140,12000140,2,1,3,2025-05-11 13:42:34,2025-05-11 17:42:34
7000141,12000141,5,1,3,2024-10-13 08:03:26,2024-10-13 09:48:26
7000142,12000142,6,3,1,2023-01-10 17:25:53,2023-01-10 19:45:53
7000143,12000143,1,4,3,2024-07-22 18:03:30,2024-07-22 20:03:30
7000144,12000144,1,3,4,2024-02-28 16:12:27,2024-02-28 21:32:27
7000145,12000145,3,2,4,2024-05-29 02:01:09,2024-05-29 03:11:09
7000146,12000146,4,2,4,2023-04-06 07:52:14,2023-04-06 09:22:14
7000147,12000147,1,4,2,2024-05-11 20:55:27,2024-05-11 22:40:27
7000148,12000148,2,3,1,2025-10-31 00:15:52,2025-10-31 01:15:52
7000149,12000149,4,4,1,2024-06-17 02:07:38,2024-06-17 04:52:38
7000150,12000150,4,4,2,2023-09-25 17:15:22,2023-09-25 19:00:22
7000151,12000151,2,3,3,2024-02-14 14:55:40,2024-02-14 17:40:40
7000152,12000152,2,5,1,2025-08-31 12:50:18,2025-08-31 14:10:18
7000153,12000153,4,2,1,2025-09-03 20:42:58,2025-09-03 23:27:58
7000154,12000154,5,5,1,2024-08-16 13:50:24,2024-08-16 15:50:24
7000155,12000155,4,4,1,2025-12-08 12:41:33,2025-12-08 16:41:33
7000156,12000156,6,3,4,2023-06-25 08:15:58,2023-06-25 11:30:58
7000157,12000157,4,5,1,2025-03-15 13:57:59,2025-03-15 15:07:59
7000158,12000158,5,4,3,2024-11-27 07:13:33,2024-11-27 09:13:33
7000159,12000159,4,2,1,2023-07-21 11:58:07,2023-07-21 15:13:07
7000160,12000160,3,2,1,2024-03-11 02:10:26,2024-03-11 04:10:26
7000161,12000161,5,3,4,2025-12-07 10:35:03,2025-12-07 12:20:03
7000162,12000162,6,2,4,2024-12-06 10:29:08,2024-12-06 11:59:08
7000163,12000163,2,5,1,2025-08-16 19:16:05,2025-08-16 20:36:05
7000164,12000164,6,4,4,2025-07-04 09:53:08,2025-07-04 11:53:08
7000165,12000165,3,3,1,2024-04-09 13:11:35,2024-04-09 15:56:35
7000166,12000166,6,3,2,2025-01-29 06:34:54,2025-01-29 08:34:54
7000167,12000167,5,5,3,2024-08-09 14:20:13,2024-08-09 17:05:13
7000168,12000168,6,5,3,2025-07-04 08:45:43,2025-07-04 12:45:43
7000169,12000169,1,1,3,2024-04-09 23:26:30,2024-04-10 01:26:30
7000170,12000170,5,5,1,2023-06-13 09:10:30,2023-06-13 10:10:30
7000171,12000171,6,3,4,2025-08-22 07:01:17,2025-08-22 08:11:17
7000172,12000172,1,5,3,2024-04-20 22:37:15,2024-04-21 00:22:15
7000173,12000173,1,4,2,2024-04-28 09:40:08,2024-04-28 12:55:08
7000174,12000174,1,2,2,2023-10-13 23:54:26,2023-10-14 01:04:26
7000175,12000175,5,4,1,2025-10-23 09:14:20,2025-10-23 12:29:20
7000176,12000176,1,3,3,2024-06-29 04:40:26,2024-06-29 06:10:26
7000177,12000177,3,5,2,2025-07-07 04:37:29,2025-07-07 05:37:29
7000178,12000178,6,5,1,2024-05-05 04:06:07,2024-05-05 05:51:07
7000179,12000179,3,1,3,2025-07-10 04:17:54,2025-07-10 05:47:54
7000180,12000180,6,4,2,2023-03-31 04:09:23,2023-03-31 07:24:23
7000181,12000181,3,4,1,2024-12-13 10:20:27,2024-12-13 13:35:27
7000182,12000182,5,1,1,2024-08-10 00:50:19,2024-08-10 02:00:19
7000183,12000183,3,2,4,2023-05-02 13:19:22,2023-05-02 15:39:22
7000184,12000184,1,4,3,2024-04-29 12:57:42,2024-04-29 15:17:42
7000185,12000185,4,2,1,2023-11-10 12:35:06,2023-11-10 15:50:06
7000186,12000186,4,1,1,2024-03-03 13:14:13,2024-03-03 14:14:13
7000187,12000187,1,3,3,2025-02-18 07:45:08,2025-02-18 09:30:08
7000188,12000188,2,5,1,2025-07-26 11:02:03,2025-07-26 12:22:03
7000189,12000189,5,3,1,2023-04-27 17:54:31,2023-04-27 19:14:31
7000190,12000190,5,1,2,2024-10-03 06:55:58,2024-10-03 08:55:58
7000191,12000191,1,2,1,2023-08-14 13:35:04,2023-08-14 14:35:04
7000192,12000192,1,4,3,2024-03-10 21:02:28,2024-03-10 22:47:28
7000193,12000193,4,5,4,2025-02-02 10:20:44,2025-02-02 14:20:44
7000194,12000194,1,3,3,2023-04-21 05:38:30,2023-04-21 08:23:30
7000195,12000195,4,1,1,2024-03-19 14:55:46,2024-03-19 17:15:46
7000196,12000196,6,5,1,2025-07-07 13:57:38,2025-07-07 14:57:38
7000197,12000197,2,3,1,2023-08-04 17:48:24,2023-08-04 18:58:24
7000198,12000198,5,5,1,2023-07-04 15:39:37,2023-07-04 18:54:37
7000199,12000199,2,4,4,2025-09-12 07:17:48,2025-09-12 08:37:48
990000131,990000101,990000121,,1,2024-03-05 09:00:00,2024-03-05 10:30:00
990000132,990000102,990000122,,1,2024-03-06 09:00:00,2024-03-06 10:30:00
990000133,990000103,990000123,,1,2024-03-07 09:00:00,2024-03-07 10:30:00
990000134,990000104,990000124,,1,2024-03-08 09:00:00,2024-03-08 10:30:00
990000231,990000201,990000221,,1,2024-05-09 09:00:00,2024-05-09 10:00:00
990000232,990000202,990000222,,1,2024-05-10 09:00:00,2024-05-10 10:00:00
990000233,990000203,990000223,,1,2021-02-28 09:00:00,2021-02-28 10:00:00
990000234,990000204,990000224,,1,2021-03-01 09:00:00,2021-03-01 10:00:00
990000331,990000301,990000321,,1,2024-04-02 08:00:00,2024-04-02 09:30:00
990000332,990000302,990000321,,1,2024-04-04 13:00:00,2024-04-04 14:00:00
990000431,990000401,990000421,,1,2024-06-14 23:10:00,2024-06-15 01:40:00
990000531,990000501,990000521,,1,2024-06-21 08:00:00,
990000631,990000601,990000621,,1,2024-06-25 10:00:00,2024-06-25 09:00:00
990000731,990000701,990000721,,1,2024-07-10 08:00:00,2024-07-10 10:00:00
990000831,990000801,990000821,,1,2024-07-12 08:00:00,2024-07-12 10:00:00
990000931,990000901,990000921,,1,2024-07-15 08:00:00,2024-07-15 10:00:00
990001031,990001001,990001021,,1,2024-07-17 08:00:00,2024-07-17 10:00:00
990001131,990001101,990001121,,1,2024-07-19 08:00:00,2024-07-19 10:00:00
990001231,990001201,990001221,,1,2024-07-22 08:00:00,2024-07-22 10:00:00
990001331,990001301,990001321,,1,2024-07-24 08:00:00,2024-07-24 10:00:00
990001431,990001401,990001421,,1,2024-08-20 07:00:00,2024-08-20 15:20:00
990001631,990001601,990001621,,1,2024-09-03 08:00:00,2024-09-03 10:00:00
990001731,,990001721,,1,2024-09-09 08:00:00,2024-09-09 09:00:00
990002400,990002200,990002300,,1,2024-05-11 09:00:00,2024-05-11 10:30:00
990002401,990002201,990002301,,1,2024-05-22 09:00:00,2024-05-22 10:30:00
990002402,990002202,990002302,,1,2024-06-02 09:00:00,2024-06-02 10:30:00
990002403,990002203,990002303,,1,2024-06-11 09:00:00,2024-06-11 10:30:00
990002404,990002204,990002304,,1,2024-06-20 09:00:00,2024-06-20 10:30:00
990002405,990002205,990002305,,1,2024-06-30 09:00:00,2024-06-30 10:30:00
990002406,990002206,990002306,,1,2024-07-11 09:00:00,
990002407,990002207,990002307,,1,2024-07-20 09:00:00,2024-07-20 10:30:00
990003400,990003200,990003300,,1,2024-03-29 08:00:00,2024-03-29 09:30:00
990003401,990003201,990003301,,1,2024-04-08 08:00:00,2024-04-08 09:30:00
990003402,990003202,990003302,,1,2024-04-11 09:00:00,2024-04-11 10:30:00
990003403,990003203,990003303,,1,2024-04-20 09:00:00,2024-04-20 10:30:00
990003404,990003204,990003304,,1,2024-04-25 09:00:00,2024-04-25 10:00:00
990003405,990003205,990003305,,1,2024-05-02 09:00:00,2024-05-02 10:00:00
990004400,990004200,990004300,,1,2024-08-11 09:00:00,2024-08-11 10:30:00
