ANAES_KEY,SEQ,EVENT_TYPE_KEY,EVENT_TS
7000000,2,1120000014,2023-10-06 15:36:49
7000001,3,1120000001,2023-10-07 19:37:40
7000002,1,1120000020,2025-01-11 16:25:23
7000003,1,1120000001,2023-09-06 04:59:37
7000004,2,1120000014,2024-01-11 00:50:21
7000005,4,1120000001,2024-06-19 01:58:18
7000006,1,1120000001,2025-02-17 14:43:36
7000007,3,1120000020,2024-01-07 21:11:15
7000008,4,1120000001,2023-01-17 00:32:38
7000009,4,1120000001,2023-11-13 09:03:01
7000010,5,1120000001,2025-09-12 22:53:13
7000011,5,1120000014,2024-06-12 14:46:34
7000012,1,1120000014,2023-06-02 02:01:40
7000013,4,1120000001,2025-09-30 08:53:00
7000014,4,1120000014,2024-04-21 01:28:14
7000015,4,1120000001,2025-05-12 15:12:02
7000016,4,1120000001,2024-01-31 22:56:57
7000017,3,1120000014,2025-11-11 16:40:36
7000018,4,1120000014,2024-01-09 04:09:10
7000019,6,1120000014,2024-06-13 12:59:55
7000020,5,1120000020,2023-01-28 20:52:21
7000021,4,1120000001,2023-03-25 14:21:13
7000022,6,1120000014,2025-05-24 21:53:58
7000023,6,1120000001,2025-07-09 01:17:19
7000024,1,1120000020,2024-02-27 21:38:24
7000025,6,1120000001,2024-05-17 23:08:18
7000026,3,1120000001,2023-01-20 20:28:17
7000027,1,1120000020,2023-12-14 01:31:36
7000028,4,1120000001,2024-12-24 09:13:04
7000029,1,1120000014,2025-06-10 08:06:43
7000030,3,1120000014,2023-03-24 09:23:47
7000031,6,1120000014,2023-06-29 08:43:06
7000032,1,1120000020,2023-10-07 07:48:37
7000033,2,1120000014,2024-01-05 03:32:28
7000034,2,1120000001,2025-09-22 10:34:16
7000035,6,1120000014,2025-04-10 15:01:20
7000036,2,1120000020,2025-05-04 21:43:58
7000037,1,1120000001,2025-03-15 05:33:47
7000038,5,1120000001,2025-06-20 05:11:51
7000039,1,1120000020,2024-10-25 02:41:54
7000040,6,1120000014,2024-03-22 17:43:28
7000041,4,1120000020,2025-08-15 17:26:02
7000042,4,1120000020,2023-10-23 17:29:28
7000043,5,1120000014,2024-10-19 19:44:10
7000044,3,1120000014,2023-06-19 11:05:40
7000045,3,1120000001,2025-03-12 16:20:53
7000046,5,1120000001,2024-12-17 11:37:51
7000047,3,1120000014,2025-02-04 20:10:04
7000048,5,1120000020,2024-06-15 18:03:33
7000049,3,1120000001,2025-01-25 17:56:38
7000050,1,1120000020,2025-01-04 02:41:40
7000051,6,1120000020,2024-04-14 09:37:41
7000052,1,1120000001,2025-01-15 21:09:55
7000053,3,1120000001,2025-04-21 03:07:55
7000054,3,1120000020,2024-08-24 13:23:56
7000055,3,1120000020,2025-08-21 13:01:14
7000056,5,1120000001,2023-01-03 18:53:44
7000057,4,1120000020,2023-05-28 17:19:04
7000058,2,1120000014,2024-11-25 14:33:10
7000059,5,1120000001,2025-01-07 03:26:59
7000060,4,1120000001,2025-08-29 00:41:41
7000061,5,1120000020,2023-07-01 10:49:33
7000062,2,1120000001,2024-08-16 12:56:48
7000063,6,1120000001,2023-09-16 08:20:45
7000064,2,1120000014,2024-10-18 01:30:58
7000065,6,1120000014,2025-11-04 07:04:42
7000066,1,1120000020,2025-06-14 22:29:34
7000067,5,1120000001,2025-11-02 02:13:48
7000068,4,1120000014,2025-02-21 09:44:15
7000069,3,1120000014,2025-07-17 13:08:04
7000070,1,1120000014,2023-03-30 01:53:22
7000071,4,1120000001,2025-11-30 20:12:17
7000072,5,1120000020,2024-01-04 15:54:02
7000073,1,1120000014,2024-03-31 18:50:51
7000074,2,1120000020,2023-07-01 23:28:01
7000075,4,1120000020,2023-11-09 23:03:00
7000076,4,1120000014,2025-12-12 22:09:13
7000077,4,1120000014,2025-05-08 12:14:58
7000078,1,1120000014,2024-06-08 21:33:06
7000079,1,1120000001,2024-08-31 20:58:20
7000080,6,1120000020,2025-12-11 22:38:59
7000081,6,1120000001,2024-04-25 14:08:49
7000082,3,1120000014,2023-12-04 10:31:23
7000083,6,1120000020,2023-08-18 06:55:31
7000084,2,1120000020,2024-12-05 12:53:20
7000085,6,1120000014,2024-09-25 10:54:41
7000086,1,1120000001,2024-07-28 05:46:07
7000087,1,1120000001,2025-11-28 20:46:54
7000088,3,1120000020,2025-03-19 04:12:04
7000089,1,1120000020,2024-03-26 19:50:30
7000090,5,1120000001,2025-04-26 02:29:47
7000091,6,1120000020,2023-10-27 14:02:47
7000092,3,1120000001,2025-03-06 10:46:13
7000093,2,1120000001,2024-10-25 03:40:13
7000094,1,1120000001,2023-07-10 15:30:44
7000095,3,1120000014,2025-12-02 23:33:22
7000096,6,1120000001,2025-05-24 08:25:35
7000097,3,1120000001,2025-05-15 01:55:22
7000098,6,1120000001,2024-12-05 22:18:33
7000099,6,1120000020,2025-09-16 01:16:22
7000100,6,1120000001,2024-08-13 08:43:46
7000101,5,1120000001,2024-01-30 15:18:21
7000102,6,1120000001,2025-10-01 18:43:21
7000103,2,1120000020,2023-03-29 09:51:29
7000104,4,1120000001,2024-12-10 05:32:42
7000105,2,1120000001,2025-11-03 00:06:45
7000106,6,1120000020,2023-12-03 16:03:27
7000107,6,1120000014,2024-12-07 07:08:38
7000108,6,1120000014,2025-04-14 04:42:50
7000109,6,1120000020,2025-02-02 15:35:52
7000110,4,1120000001,2025-09-15 14:04:09
7000111,1,1120000014,2024-10-03 04:42:27
7000112,3,1120000020,2024-10-23 13:26:10
7000113,1,1120000014,2025-08-27 16:14:24
7000114,1,1120000014,2023-09-01 00:16:16
7000115,4,1120000001,2025-02-03 10:26:28
7000116,5,1120000014,2023-01-05 18:09:58
7000117,6,1120000020,2025-11-11 17:53:56
7000118,3,1120000014,2023-08-10 07:55:13
7000119,3,1120000001,2023-01-03 19:33:45
7000120,5,1120000020,2025-01-08 18:06:39
7000121,4,1120000020,2024-02-07 09:44:17
7000122,1,1120000001,2025-01-15 19:01:16
7000123,1,1120000014,2025-11-28 02:52:26
7000124,6,1120000001,2023-01-31 21:53:48
7000125,1,1120000014,2025-02-09 14:31:43
7000126,6,1120000020,2024-09-24 11:38:51
7000127,2,1120000020,2025-04-30 06:55:12
7000128,4,1120000014,2023-04-15 19:07:59
7000129,1,1120000014,2025-01-02 20:52:35
7000130,4,1120000020,2023-02-13 05:46:06
7000131,1,1120000020,2024-04-04 07:37:46
7000132,2,1120000020,2024-07-17 00:12:54
7000133,4,1120000014,2024-01-19 20:11:33
7000134,5,1120000001,2025-05-22 22:03:26
7000135,2,1120000014,2025-11-07 00:22:00
7000136,4,1120000020,2024-10-17 17:56:08
7000137,6,1120000001,2023-02-28 22:41:29
7000138,3,1120000001,2025-01-01 22:59:19
7000139,1,1120000020,2025-05-08 20:05:20
7000140,5,1120000001,2025-05-11 17:00:48
7000141,3,1120000020,2024-10-13 09:33:44
7000142,2,1120000020,2023-01-10 18:27:29
7000143,2,1120000001,2024-07-22 19:07:13
7000144,5,1120000001,2024-02-28 18:41:15
7000145,4,1120000014,2024-05-29 02:27:11
7000146,2,1120000020,2023-04-06 09:01:16
7000147,4,1120000014,2024-05-11 22:10:31
7000148,2,1120000014,2025-10-31 00:48:23
7000149,5,1120000014,2024-06-17 02:15:23
7000150,2,1120000001,2023-09-25 18:10:42
7000151,1,1120000014,2024-02-14 15:48:48
7000152,1,1120000014,2025-08-31 13:29:30
7000153,3,1120000020,2025-09-03 22:13:23
7000154,4,1120000014,2024-08-16 14:43:26
7000155,6,1120000001,2025-12-08 16:05:19
7000156,5,1120000020,2023-06-25 09:49:57
7000157,2,1120000014,2025-03-15 14:16:24
7000158,5,1120000020,2024-11-27 08:17:59
7000159,6,1120000020,2023-07-21 14:33:32
7000160,1,1120000020,2024-03-11 03:00:50
7000161,1,1120000020,2025-12-07 11:19:41
7000162,4,1120000014,2024-12-06 11:39:20
7000163,3,1120000014,2025-08-16 20:13:12
7000164,2,1120000001,2025-07-04 11:13:54
7000165,1,1120000001,2024-04-09 14:52:14
7000166,1,1120000014,2025-01-29 08:04:32
7000167,3,1120000020,2024-08-09 17:03:34
7000168,2,1120000020,2025-07-04 10:32:02
7000169,5,1120000001,2024-04-10 01:03:35
7000170,5,1120000020,2023-06-13 09:54:07
7000171,4,1120000014,2025-08-22 07:49:27
7000172,2,1120000020,2024-04-20 23:14:06
7000173,2,1120000020,2024-04-28 11:37:55
7000174,5,1120000020,2023-10-14 00:08:34
7000175,3,1120000001,2025-10-23 10:51:03
7000176,4,1120000001,2024-06-29 05:54:57
7000177,6,1120000014,2025-07-07 04:38:27
7000178,3,1120000020,2024-05-05 05:08:17
7000179,2,1120000020,2025-07-10 04:48:30
7000180,3,1120000020,2023-03-31 05:44:56
7000181,6,1120000001,2024-12-13 11:54:38
7000182,1,1120000001,2024-08-10 02:00:15
7000183,3,1120000001,2023-05-02 13:25:40
7000184,2,1120000001,2024-04-29 15:14:12
7000185,1,1120000014,2023-11-10 15:19:29
7000186,4,1120000001,2024-03-03 13:35:42
7000187,5,1120000014,2025-02-18 08:39:00
7000188,4,1120000001,2025-07-26 11:09:29
7000189,6,1120000020,2023-04-27 18:55:14
7000190,6,1120000020,2024-10-03 08:31:44
7000191,2,1120000014,2023-08-14 14:00:48
7000192,4,1120000001,2024-03-10 22:20:10
7000193,5,1120000020,2025-02-02 11:51:27
7000194,5,1120000014,2023-04-21 06:33:07
7000195,1,1120000001,2024-03-19 16:49:44
7000196,5,1120000001,2025-07-07 14:07:32
7000197,3,1120000001,2023-08-04 17:49:52
7000198,2,1120000020,2023-07-04 18:46:14
7000199,3,1120000020,2025-09-12 08:09:53
