CASE_KEY,SEQ,PROC_KEY
12000000,6,10000000
12000001,6,10000001
12000002,4,10000002
12000003,5,10000003
12000004,3,10000004
12000005,5,10000005
12000006,2,10000006
12000007,4,10000007
12000008,6,10000008
12000009,5,10000009
12000010,2,10000010
12000011,6,10000011
12000012,1,10000012
12000013,4,10000013
12000014,4,10000014
12000015,1,10000015
12000016,6,10000016
12000017,1,10000017
12000018,5,10000018
12000019,2,10000019
12000020,6,10000020
12000021,5,10000021
12000022,4,10000022
12000023,4,10000023
12000024,3,10000024
12000025,6,10000025
12000026,4,10000026
12000027,2,10000027
12000028,2,10000028
12000029,6,10000029
12000030,2,10000030
12000031,2,10000031
12000032,4,10000032
12000033,4,10000033
12000034,1,10000034
12000035,5,10000035
12000036,3,10000036
12000037,6,10000037
12000038,2,10000038
12000039,3,10000039
12000040,5,10000040
12000041,6,10000041
12000042,1,10000042
12000043,1,10000043
12000044,1,10000044
12000045,3,10000045
12000046,5,10000046
12000047,1,10000047
12000048,4,10000048
12000049,1,10000049
12000050,4,10000050
12000051,3,10000051
12000052,6,10000052
12000053,4,10000053
12000054,6,10000054
12000055,6,10000055
12000056,1,10000056
12000057,3,10000057
12000058,5,10000058
12000059,5,10000059
12000060,4,10000060
12000061,4,10000061
12000062,5,10000062
12000063,4,10000063
12000064,5,10000064
12000065,5,10000065
12000066,2,10000066
12000067,2,10000067
12000068,6,10000068
12000069,5,10000069
12000070,6,10000070
12000071,5,10000071
12000072,1,10000072
12000073,1,10000073
12000074,6,10000074
12000075,4,10000075
12000076,3,10000076
12000077,1,10000077
12000078,4,10000078
12000079,3,10000079
12000080,4,10000080
12000081,5,10000081
12000082,1,10000082
12000083,1,10000083
12000084,6,10000084
12000085,2,10000085
12000086,6,10000086
12000087,4,10000087
12000088,6,10000088
12000089,5,10000089
12000090,5,10000090
12000091,5,10000091
12000092,4,10000092
12000093,4,10000093
12000094,4,10000094
12000095,3,10000095
12000096,5,10000096
12000097,2,10000097
12000098,4,10000098
12000099,6,10000099
12000100,6,10000100
12000101,4,10000101
12000102,5,10000102
12000103,5,10000103
12000104,2,10000104
12000105,2,10000105
12000106,6,10000106
12000107,6,10000107
12000108,6,10000108
12000109,1,10000109
12000110,4,10000110
12000111,3,10000111
12000112,5,10000112
12000113,3,10000113
12000114,1,10000114
12000115,4,10000115
12000116,6,10000116
12000117,6,10000117
12000118,3,10000118
12000119,1,10000119
12000120,2,10000120
12000121,2,10000121
12000122,5,10000122
12000123,5,10000123
12000124,4,10000124
12000125,1,10000125
12000126,3,10000126
12000127,3,10000127
12000128,4,10000128
12000129,3,10000129
12000130,6,10000130
12000131,5,10000131
12000132,3,10000132
12000133,3,10000133
12000134,4,10000134
12000135,3,10000135
12000136,6,10000136
12000137,1,10000137
12000138,1,10000138
12000139,2,10000139
12000140,6,10000140
12000141,4,10000141
12000142,6,10000142
12000143,2,10000143
12000144,2,10000144
12000145,4,10000145
12000146,3,10000146
12000147,3,10000147
12000148,1,10000148
12000149,1,10000149
12000150,4,10000150
12000151,6,10000151
12000152,6,10000152
12000153,6,10000153
12000154,5,10000154
12000155,6,10000155
12000156,2,10000156
12000157,3,10000157
12000158,3,10000158
12000159,4,10000159
12000160,2,10000160
12000161,4,10000161
12000162,4,10000162
12000163,1,10000163
12000164,3,10000164
12000165,5,10000165
12000166,5,10000166
12000167,1,10000167
12000168,3,10000168
12000169,1,10000169
12000170,3,10000170
12000171,1,10000171
12000172,3,10000172
12000173,3,10000173
12000174,2,10000174
12000175,5,10000175
12000176,4,10000176
12000177,4,10000177
12000178,5,10000178
12000179,4,10000179
12000180,2,10000180
12000181,5,10000181
12000182,2,10000182
12000183,6,10000183
12000184,5,10000184
12000185,3,10000185
12000186,5,10000186
12000187,4,10000187
12000188,1,10000188
12000189,1,10000189
12000190,1,10000190
12000191,3,10000191
12000192,6,10000192
12000193,3,10000193
12000194,4,10000194
12000195,4,10000195
12000196,1,10000196
12000197,1,10000197
12000198,2,10000198
12000199,6,10000199
