DIAG_KEY,DIAG_LABEL,ICD_CODE
1000000,38,Q36.9
1000001,16,S42.4
1000002,27,J35.3
1000003,26,Q53.9
1000004,29,T18.9
1000005,15,Q35.9
1000006,24,Q25.0
1000007,29,K42.9
1000008,26,Q40.0
1000009,1,K35.8
1000010,8,S52.5
1000011,32,K40.9
1000012,27,Q21.1
1000013,24,K42.9
1000014,27,K42.9
1000015,26,J35.1
1000016,10,N47
1000017,28,Q35.9
1000018,31,K40.9
1000019,8,K35.8
1000020,9,Q21.1
1000021,6,H50.0
1000022,26,H65.9
1000023,15,G40.9
1000024,35,T18.9
1000025,38,S42.4
1000026,9,G40.9
1000027,25,T18.9
1000028,34,K35.8
1000029,32,H66.9
1000030,37,N13.3
1000031,37,K42.9
1000032,33,N13.3
1000033,34,H66.9
1000034,38,N47
1000035,32,Q54.9
1000036,21,K02.9
1000037,29,C91.0
1000038,6,J35.2
1000039,34,G40.9
1000040,19,Q54.9
1000041,8,J35.1
1000042,28,Q21.1
1000043,27,M41.1
1000044,21,J35.2
1000045,13,K21.9
1000046,36,L02.4
1000047,12,H66.9
1000048,30,H50.0
1000049,39,T18.9
1000050,17,J35.1
1000051,5,T18.9
1000052,20,L02.4
1000053,11,L02.4
1000054,15,G40.9
1000055,14,G40.9
1000056,36,Q35.9
1000057,21,K02.9
1000058,18,K42.9
1000059,11,L02.4
1000060,1,J35.1
1000061,15,M41.1
1000062,12,G40.9
1000063,4,K02.9
1000064,10,Q40.0
1000065,15,H66.9
1000066,28,Q25.0
1000067,7,J45.9
1000068,35,S52.5
1000069,22,J35.3
1000070,19,Q21.1
1000071,10,K02.9
1000072,13,Q35.9
1000073,9,M41.1
1000074,15,M41.1
1000075,9,M41.1
1000076,32,J35.1
1000077,25,H66.9
1000078,7,K40.9
1000079,3,N13.3
1000080,14,L02.4
1000081,28,H65.9
1000082,7,Q65.0
1000083,5,Q21.1
1000084,26,J35.1
1000085,34,T18.9
1000086,22,Q35.9
1000087,30,Q35.9
1000088,19,G40.9
1000089,23,T18.9
1000090,14,N13.3
1000091,33,S52.5
1000092,19,Q53.9
1000093,8,K35.8
1000094,4,G40.9
1000095,33,Q65.0
1000096,19,Q25.0
1000097,6,Q25.0
1000098,18,K56.1
1000099,8,S52.5
1000100,31,K40.9
1000101,5,K35.8
1000102,25,Q36.9
1000103,7,J35.3
1000104,4,J35.1
1000105,29,Q36.9
1000106,32,Q65.0
1000107,26,Q40.0
1000108,29,Q25.0
1000109,10,N47
1000110,9,H66.9
1000111,25,K02.9
1000112,4,N13.3
1000113,6,K42.9
1000114,1,K42.9
1000115,19,Q36.9
1000116,16,N47
1000117,28,J35.3
1000118,8,K02.9
1000119,0,S52.5
1000120,22,K21.9
1000121,28,J35.2
1000122,25,T18.9
1000123,9,Q53.9
1000124,11,J35.2
1000125,8,Q35.9
1000126,26,H65.9
1000127,0,G40.9
1000128,24,J35.3
1000129,37,Q36.9
1000130,36,J35.2
1000131,10,K35.8
1000132,35,G40.9
1000133,5,C91.0
1000134,33,Q35.9
1000135,28,T18.9
1000136,16,J35.3
1000137,22,Q40.0
1000138,39,N13.3
1000139,21,K56.1
1000140,35,C91.0
1000141,39,K02.9
1000142,17,T18.9
1000143,25,J35.3
1000144,9,Q21.1
1000145,9,K35.8
1000146,28,Q35.9
1000147,0,Q65.0
1000148,4,J35.1
1000149,30,K56.1
1000150,7,S42.4
1000151,24,Q54.9
1000152,11,H66.9
1000153,22,N47
1000154,10,G40.9
1000155,15,N13.3
1000156,32,J35.3
1000157,23,Q21.1
1000158,19,H50.0
1000159,34,K21.9
1000160,14,Q40.0
1000161,20,C91.0
1000162,30,H66.9
1000163,22,K40.9
1000164,25,C91.0
1000165,7,M41.1
1000166,35,Q65.0
1000167,39,M41.1
1000168,0,N13.3
1000169,26,Q36.9
1000170,30,S52.5
1000171,37,Q25.0
1000172,31,Q40.0
1000173,13,S52.5
1000174,34,Q35.9
1000175,14,S52.5
1000176,15,Q25.0
1000177,30,L02.4
1000178,24,Q25.0
1000179,9,K56.1
1000180,17,N47
1000181,17,S42.4
1000182,0,Q65.0
1000183,30,J35.2
1000184,4,K21.9
1000185,36,H66.9
1000186,20,H65.9
1000187,33,J35.2
1000188,25,M41.1
1000189,38,K40.9
1000190,33,Q65.0
1000191,5,H65.9
1000192,3,K42.9
1000193,17,J35.3
1000194,31,Q54.9
1000195,1,S42.4
1000196,14,K35.8
1000197,28,Q36.9
1000198,38,S42.4
1000199,2,Q54.9
