SERVICE_CAT,LABEL
6000000,General surgery
6000001,Orthopaedic surgery
6000002,Cardiac surgery
6000003,Neurosurgery
6000004,"Ear, nose and throat surgery"
6000005,Dental surgery
6000006,Ophthalmology
6000007,Plastic surgery
6000008,Urology
6000009,Medical imaging
6000010,General surgery 2
6000011,Orthopaedic surgery 2
6000012,Cardiac surgery 2
6000013,Neurosurgery 2
6000014,"Ear, nose and throat surgery 2"
6000015,Dental surgery 2
6000016,Ophthalmology 2
6000017,Plastic surgery 2
6000018,Urology 2
6000019,Medical imaging 2
6000020,General surgery 3
6000021,Orthopaedic surgery 3
6000022,Cardiac surgery 3
6000023,Neurosurgery 3
6000024,"Ear, nose and throat surgery 3"
6000025,Dental surgery 3
6000026,Ophthalmology 3
6000027,Plastic surgery 3
6000028,Urology 3
6000029,Medical imaging 3
6000030,General surgery 4
6000031,Orthopaedic surgery 4
6000032,Cardiac surgery 4
6000033,Neurosurgery 4
6000034,"Ear, nose and throat surgery 4"
6000035,Dental surgery 4
6000036,Ophthalmology 4
6000037,Plastic surgery 4
6000038,Urology 4
6000039,Medical imaging 4
6000040,General surgery 5
6000041,Orthopaedic surgery 5
6000042,Cardiac surgery 5
6000043,Neurosurgery 5
6000044,"Ear, nose and throat surgery 5"
6000045,Dental surgery 5
6000046,Ophthalmology 5
6000047,Plastic surgery 5
6000048,Urology 5
6000049,Medical imaging 5
6000050,General surgery 6
6000051,Orthopaedic surgery 6
6000052,Cardiac surgery 6
6000053,Neurosurgery 6
6000054,"Ear, nose and throat surgery 6"
6000055,Dental surgery 6
6000056,Ophthalmology 6
6000057,Plastic surgery 6
6000058,Urology 6
6000059,Medical imaging 6
6000060,General surgery 7
6000061,Orthopaedic surgery 7
6000062,Cardiac surgery 7
6000063,Neurosurgery 7
6000064,"Ear, nose and throat surgery 7"
6000065,Dental surgery 7
6000066,Ophthalmology 7
6000067,Plastic surgery 7
6000068,Urology 7
6000069,Medical imaging 7
6000070,General surgery 8
6000071,Orthopaedic surgery 8
6000072,Cardiac surgery 8
6000073,Neurosurgery 8
6000074,"Ear, nose and throat surgery 8"
6000075,Dental surgery 8
6000076,Ophthalmology 8
6000077,Plastic surgery 8
6000078,Urology 8
6000079,Medical imaging 8
6000080,General surgery 9
6000081,Orthopaedic surgery 9
6000082,Cardiac surgery 9
6000083,Neurosurgery 9
6000084,"Ear, nose and throat surgery 9"
6000085,Dental surgery 9
6000086,Ophthalmology 9
6000087,Plastic surgery 9
6000088,Urology 9
6000089,Medical imaging 9
6000090,General surgery 10
6000091,Orthopaedic surgery 10
6000092,Cardiac surgery 10
6000093,Neurosurgery 10
6000094,"Ear, nose and throat surgery 10"
6000095,Dental surgery 10
6000096,Ophthalmology 10
6000097,Plastic surgery 10
6000098,Urology 10
6000099,Medical imaging 10
6000100,General surgery 11
6000101,Orthopaedic surgery 11
6000102,Cardiac surgery 11
6000103,Neurosurgery 11
6000104,"Ear, nose and throat surgery 11"
6000105,Dental surgery 11
6000106,Ophthalmology 11
6000107,Plastic surgery 11
6000108,Urology 11
6000109,Medical imaging 11
6000110,General surgery 12
6000111,Orthopaedic surgery 12
6000112,Cardiac surgery 12
6000113,Neurosurgery 12
6000114,"Ear, nose and throat surgery 12"
6000115,Dental surgery 12
6000116,Ophthalmology 12
6000117,Plastic surgery 12
6000118,Urology 12
6000119,Medical imaging 12
6000120,General surgery 13
6000121,Orthopaedic surgery 13
6000122,Cardiac surgery 13
6000123,Neurosurgery 13
6000124,"Ear, nose and throat surgery 13"
6000125,Dental surgery 13
6000126,Ophthalmology 13
6000127,Plastic surgery 13
6000128,Urology 13
6000129,Medical imaging 13
6000130,General surgery 14
6000131,Orthopaedic surgery 14
6000132,Cardiac surgery 14
6000133,Neurosurgery 14
6000134,"Ear, nose and throat surgery 14"
6000135,Dental surgery 14
6000136,Ophthalmology 14
6000137,Plastic surgery 14
6000138,Urology 14
6000139,Medical imaging 14
6000140,General surgery 15
6000141,Orthopaedic surgery 15
6000142,Cardiac surgery 15
6000143,Neurosurgery 15
6000144,"Ear, nose and throat surgery 15"
6000145,Dental surgery 15
6000146,Ophthalmology 15
6000147,Plastic surgery 15
6000148,Urology 15
6000149,Medical imaging 15
6000150,General surgery 16
6000151,Orthopaedic surgery 16
6000152,Cardiac surgery 16
6000153,Neurosurgery 16
6000154,"Ear, nose and throat surgery 16"
6000155,Dental surgery 16
6000156,Ophthalmology 16
6000157,Plastic surgery 16
6000158,Urology 16
6000159,Medical imaging 16
6000160,General surgery 17
6000161,Orthopaedic surgery 17
6000162,Cardiac surgery 17
6000163,Neurosurgery 17
6000164,"Ear, nose and throat surgery 17"
6000165,Dental surgery 17
6000166,Ophthalmology 17
6000167,Plastic surgery 17
6000168,Urology 17
6000169,Medical imaging 17
6000170,General surgery 18
6000171,Orthopaedic surgery 18
6000172,Cardiac surgery 18
6000173,Neurosurgery 18
6000174,"Ear, nose and throat surgery 18"
6000175,Dental surgery 18
6000176,Ophthalmology 18
6000177,Plastic surgery 18
6000178,Urology 18
6000179,Medical imaging 18
6000180,General surgery 19
6000181,Orthopaedic surgery 19
6000182,Cardiac surgery 19
6000183,Neurosurgery 19
6000184,"Ear, nose and throat surgery 19"
6000185,Dental surgery 19
6000186,Ophthalmology 19
6000187,Plastic surgery 19
6000188,Urology 19
6000189,Medical imaging 19
6000190,General surgery 20
6000191,Orthopaedic surgery 20
6000192,Cardiac surgery 20
6000193,Neurosurgery 20
6000194,"Ear, nose and throat surgery 20"
6000195,Dental surgery 20
6000196,Ophthalmology 20
6000197,Plastic surgery 20
6000198,Urology 20
6000199,Medical imaging 20
