PERSON_KEY,RECORD_NO,GIVEN_NAME,FAMILY_NAME,BIRTH_TS,SEX_CAT,TEST_PERSON_FLAG
14000000,12,0,24,2016-05-28 15:20:14,2,N
14000001,18,28,8,2023-02-22 19:01:47,2,N
14000002,8,4,15,2010-10-31 00:12:24,2,N
14000003,29,38,19,2010-09-18 09:21:52,1,N
14000004,26,24,33,2023-12-15 22:50:35,2,N
14000005,18,5,7,2013-04-23 01:57:53,2,N
14000006,30,28,35,2024-05-17 08:47:36,2,N
14000007,17,25,29,2012-03-26 04:19:11,2,N
14000008,33,20,31,2013-02-11 00:00:18,1,N
14000009,3,14,16,2022-10-21 08:43:45,1,N
14000010,22,28,15,2011-10-17 03:36:00,2,N
14000011,11,36,29,2021-12-04 15:54:31,2,N
14000012,23,20,35,2007-10-13 06:53:42,1,N
14000013,32,35,7,2023-09-15 15:51:53,1,N
14000014,15,15,22,2015-09-24 21:14:09,1,N
14000015,8,3,31,2020-02-12 17:45:58,2,N
14000016,22,39,27,2016-10-21 18:08:30,2,N
14000017,22,2,18,2023-08-26 07:24:05,1,N
14000018,22,36,0,2018-02-16 04:02:46,1,N
14000019,13,24,6,2018-05-30 05:31:20,1,N
14000020,34,13,11,2020-05-27 19:36:57,1,N
14000021,25,16,22,2013-01-21 13:36:50,2,N
14000022,23,18,7,2023-02-23 04:45:37,2,N
14000023,5,19,4,2007-04-10 09:45:06,1,N
14000024,19,28,37,2023-10-30 21:02:08,2,N
14000025,35,19,26,2022-06-12 19:17:25,1,N
14000026,0,10,27,2007-02-20 20:21:59,1,N
14000027,5,37,5,2022-04-10 01:03:46,1,N
14000028,34,24,20,2018-04-06 07:51:50,2,N
14000029,38,0,8,2022-07-15 17:11:28,1,N
14000030,20,39,30,2009-10-08 08:55:57,2,N
14000031,14,5,4,2007-09-02 07:37:01,2,N
14000032,9,2,23,2016-01-22 06:08:47,2,N
14000033,25,6,4,2014-07-09 02:34:20,2,N
14000034,22,16,37,2016-06-25 08:08:29,2,N
14000035,4,34,10,2019-07-15 20:04:41,1,N
14000036,17,10,10,2022-08-30 03:23:40,1,N
14000037,13,31,5,2016-06-26 04:34:02,2,N
14000038,20,35,27,2025-05-20 04:39:52,2,N
14000039,20,23,16,2023-01-06 00:00:33,2,N
14000040,39,0,26,2023-05-19 16:39:16,2,N
14000041,9,18,1,2008-07-30 13:02:24,2,N
14000042,22,5,33,2023-03-25 17:26:00,2,N
14000043,24,37,23,2017-08-29 19:29:53,2,N
14000044,12,34,22,2012-10-06 09:02:33,1,N
14000045,13,27,23,2018-03-06 15:21:33,2,N
14000046,22,17,18,2022-08-26 18:01:21,2,N
14000047,17,29,1,2022-01-04 19:32:03,1,N
14000048,26,25,8,2016-12-28 14:30:40,2,N
14000049,20,3,3,2023-05-14 14:44:00,2,N
14000050,11,5,29,2018-05-07 01:04:47,1,N
14000051,16,24,14,2022-09-05 08:08:51,1,N
14000052,35,16,18,2017-04-10 00:00:40,1,N
14000053,33,23,25,2025-04-04 02:23:06,1,N
14000054,2,28,1,2018-09-11 23:39:19,1,N
14000055,17,33,37,2021-09-29 05:14:40,2,N
14000056,37,26,33,2009-01-09 18:53:44,2,N
14000057,13,5,31,2021-05-19 08:28:50,2,N
14000058,16,7,13,2020-03-05 01:29:48,1,N
14000059,16,26,11,2023-07-22 21:22:12,1,N
14000060,14,35,32,2019-05-21 10:16:03,1,N
14000061,39,4,17,2018-01-23 02:47:57,2,N
14000062,34,32,26,2021-08-13 12:15:53,1,N
14000063,28,24,25,2015-01-12 07:13:23,1,N
14000064,15,0,38,2012-07-18 05:28:09,1,N
14000065,7,14,11,2013-06-26 05:41:47,1,N
14000066,11,16,37,2024-05-13 20:00:47,1,N
14000067,22,35,18,2023-05-12 05:34:19,2,N
14000068,6,10,27,2011-09-07 08:23:07,1,N
14000069,18,35,19,2020-06-29 12:42:55,2,N
14000070,14,15,29,2022-12-19 01:02:15,2,N
14000071,36,26,4,2016-11-07 17:49:12,2,N
14000072,30,24,0,2017-11-05 14:59:30,2,N
14000073,3,15,2,2017-03-05 14:13:45,1,N
14000074,34,16,26,2009-07-10 22:23:08,1,N
14000075,29,10,5,2007-11-10 15:20:29,2,N
14000076,14,24,13,2024-02-21 10:18:36,2,N
14000077,36,12,5,2017-04-26 15:23:13,2,N
14000078,31,18,12,2017-11-12 21:30:44,1,N
14000079,17,15,21,2023-06-22 19:05:03,1,N
14000080,16,39,4,2009-04-29 06:53:33,2,N
14000081,35,20,27,2019-04-05 14:05:49,2,N
14000082,38,11,22,2011-04-19 07:14:54,2,N
14000083,11,10,5,2013-11-26 03:26:33,1,N
14000084,16,38,5,2020-06-11 18:48:49,2,N
14000085,8,18,8,2016-12-26 10:41:08,1,N
14000086,6,27,15,2006-12-25 05:50:32,1,N
14000087,20,8,37,2024-10-07 10:46:27,2,N
14000088,17,22,38,2016-04-26 08:20:24,1,N
14000089,37,0,13,2017-01-04 23:44:09,1,N
14000090,4,21,33,2023-08-12 16:54:53,1,N
14000091,4,33,17,2010-03-09 10:24:09,1,N
14000092,39,10,23,2019-04-15 18:33:41,1,N
14000093,11,19,8,2011-09-29 17:45:57,2,N
14000094,33,1,34,2010-10-09 14:27:25,1,N
14000095,27,10,6,2022-02-03 23:31:17,1,N
14000096,11,15,6,2025-05-22 08:14:09,1,N
14000097,27,3,4,2017-03-25 10:42:33,2,N
14000098,9,13,30,2017-08-15 00:15:23,2,N
14000099,0,23,5,2023-03-02 23:33:21,2,N
14000100,7,7,8,2010-05-01 16:15:44,2,N
14000101,24,37,21,2017-11-20 14:28:04,2,N
14000102,13,30,0,2015-08-04 23:50:39,1,N
14000103,22,16,3,2010-08-27 07:24:38,1,N
14000104,32,14,2,2011-03-08 21:48:21,1,N
14000105,35,32,21,2017-10-22 05:27:15,2,N
14000106,1,3,10,2019-01-14 15:43:37,2,N
14000107,1,28,33,2010-09-05 04:04:43,2,N
14000108,19,11,7,2020-06-21 04:01:21,1,N
14000109,15,30,14,2023-10-01 23:45:49,1,N
14000110,30,39,34,2023-06-06 00:36:25,2,N
14000111,36,29,10,2024-07-04 04:32:17,2,N
14000112,17,14,34,2022-11-19 13:46:53,2,N
14000113,7,3,7,2008-03-23 00:18:07,2,N
14000114,23,36,21,2017-03-05 22:28:16,2,N
14000115,35,10,1,2010-03-03 07:55:45,1,N
14000116,6,39,5,2021-03-23 15:41:10,1,N
14000117,17,3,6,2020-08-08 02:07:21,2,N
14000118,25,28,28,2012-01-09 06:23:56,1,N
14000119,7,1,0,2014-01-06 18:42:56,2,N
14000120,16,16,30,2021-03-25 16:14:43,2,N
14000121,1,17,20,2010-05-08 08:44:55,2,N
14000122,10,32,22,2022-11-05 17:42:18,2,N
14000123,36,9,13,2024-07-07 17:52:35,2,N
14000124,28,31,1,2022-05-01 19:54:26,2,N
14000125,17,11,2,2020-05-31 21:51:59,1,N
14000126,15,22,32,2008-05-31 09:20:08,2,N
14000127,38,32,28,2009-10-10 06:18:24,1,N
14000128,2,34,20,2012-05-24 21:32:14,1,N
14000129,7,3,0,2022-12-31 03:37:40,2,N
14000130,22,28,17,2020-01-24 04:59:41,2,N
14000131,7,27,32,2014-04-14 18:07:39,1,N
14000132,12,13,18,2013-03-14 22:33:56,1,N
14000133,7,9,28,2018-09-19 19:03:31,1,N
14000134,28,27,1,2021-08-24 21:36:35,1,N
14000135,38,39,20,2023-06-23 21:22:57,1,N
14000136,7,2,23,2013-05-28 17:23:08,1,N
14000137,32,1,25,2007-07-28 21:32:27,1,N
14000138,15,10,29,2023-06-08 22:37:54,1,N
14000139,26,28,35,2007-11-11 06:34:19,2,N
14000140,33,12,0,2019-01-03 16:30:58,1,N
14000141,0,28,36,2018-02-05 08:03:26,1,N
14000142,0,26,18,2019-05-21 17:25:53,1,N
14000143,17,6,3,2023-03-18 04:00:41,2,N
14000144,8,0,14,2013-03-01 16:12:27,2,N
14000145,24,14,12,2007-03-10 02:01:09,2,N
14000146,3,13,16,2018-08-19 07:52:14,1,N
14000147,3,28,16,2023-09-19 20:55:27,2,N
14000148,35,8,2,2011-09-28 11:43:27,1,N
14000149,29,36,31,2024-01-06 02:07:38,1,N
14000150,18,39,9,2023-08-07 17:15:22,2,N
14000151,9,9,23,2016-10-03 14:55:40,2,N
14000152,0,25,26,2022-12-27 12:50:18,2,N
14000153,8,4,38,2017-07-03 15:09:27,2,N
14000154,35,1,31,2017-02-15 05:21:15,1,N
14000155,1,14,1,2024-03-23 07:53:42,1,N
14000156,35,33,30,2012-05-07 08:15:58,1,N
14000157,28,25,8,2024-10-29 07:11:36,1,N
14000158,35,30,36,2024-11-20 07:13:33,2,N
14000159,17,38,20,2018-05-20 11:58:07,1,N
14000160,3,20,19,2024-02-25 02:10:26,1,N
14000161,5,31,4,2010-08-10 22:20:17,1,N
14000162,7,36,15,2005-10-26 04:00:13,2,N
14000163,5,35,28,2020-09-21 14:03:18,2,N
14000164,15,11,21,2008-04-08 09:53:38,1,N
14000165,11,23,29,2015-10-14 14:34:11,1,N
14000166,11,26,6,2011-03-19 00:46:03,2,N
14000167,20,20,16,2024-02-15 14:20:13,1,N
14000168,21,6,7,2015-04-11 05:02:42,1,N
14000169,14,22,5,2017-12-24 23:26:30,2,N
14000170,2,32,21,2014-02-24 09:10:30,2,N
14000171,17,17,6,2005-09-13 08:28:32,1,N
14000172,17,30,13,2009-06-23 22:37:15,2,N
14000173,1,15,18,2010-10-11 09:40:08,1,N
14000174,26,3,29,2020-12-24 23:54:26,2,N
14000175,23,22,30,2006-03-18 02:37:52,2,N
14000176,27,35,16,2016-04-03 04:40:26,2,N
14000177,27,35,4,2016-05-18 04:37:29,2,N
14000178,28,33,0,2012-11-15 20:16:23,2,N
14000179,4,31,23,2019-05-06 14:53:59,1,N
14000180,37,3,35,2023-02-24 04:09:23,2,N
14000181,32,25,8,2012-11-21 14:52:20,1,N
14000182,39,0,13,2024-05-03 07:43:59,1,N
14000183,38,29,23,2006-03-05 13:19:22,2,N
14000184,20,3,38,2007-08-26 12:57:42,1,N
14000185,32,35,20,2021-12-30 12:35:06,2,N
14000186,30,37,38,2023-04-18 14:53:20,2,N
14000187,20,13,33,2016-09-29 02:36:51,2,N
14000188,22,23,11,2022-03-01 08:33:35,2,N
14000189,9,29,39,2017-06-06 17:54:31,2,N
14000190,22,15,18,2016-07-09 22:48:09,1,N
14000191,20,2,33,2016-05-18 13:35:04,2,N
14000192,20,9,3,2019-08-25 21:02:28,1,N
14000193,16,39,7,2011-09-18 21:00:13,2,N
14000194,13,21,13,2014-06-19 09:26:31,2,N
14000195,12,25,12,2023-04-10 04:48:26,2,N
14000196,30,1,4,2022-04-03 15:21:53,1,N
14000197,15,9,8,2023-03-07 17:48:24,1,N
14000198,15,6,10,2015-07-28 15:39:37,1,N
14000199,34,18,12,2025-03-03 07:17:48,1,N
990000111,,,,2023-09-12 08:00:00,2,
990000112,,,,2019-01-20 08:00:00,2,
990000113,,,,2023-11-02 08:00:00,2,
990000114,,,,2023-07-15 08:00:00,2,
990000211,,,,2023-05-10 22:00:00,2,
990000212,,,,2023-05-10 22:00:00,2,
990000213,,,,2020-02-29 06:00:00,2,
990000214,,,,2020-02-29 06:00:00,2,
990000311,,,,2016-04-03 08:00:00,2,
990000411,,,,2013-06-30 08:00:00,2,
990000511,,,,2015-02-11 08:00:00,2,
990000611,,,,2012-09-09 08:00:00,2,
990000711,,,,2014-03-15 08:00:00,2,
990000811,,,,2011-11-11 08:00:00,2,
990000911,,,,2021-01-05 08:00:00,2,
990001011,,,,2010-08-08 08:00:00,2,
990001111,,,,2012-02-02 08:00:00,2,
990001211,,,,2013-03-03 08:00:00,2,
990001311,,,,2009-09-09 08:00:00,2,Y
990001411,,,,2008-12-12 08:00:00,2,
990001611,,,,2012-05-05 08:00:00,2,
990001711,,,,2014-01-14 08:00:00,2,
990002100,,,,2024-05-01 06:00:00,1,
990002101,,,,2024-05-12 06:00:00,2,
990002102,,,,2024-05-23 06:00:00,1,
990002103,,,,2024-06-01 06:00:00,2,
990002104,,,,2024-06-10 06:00:00,1,
990002105,,,,2024-06-20 06:00:00,2,
990002106,,,,2024-07-01 06:00:00,1,
990002107,,,,2024-07-10 06:00:00,2,
990003100,,,,2024-03-01 23:00:00,1,
990003101,,,,2024-03-12 23:00:00,2,
990003102,,,,2024-04-01 06:00:00,1,
990003103,,,,2024-04-10 06:00:00,2,
990003104,,,,2024-04-20 06:00:00,1,
990004100,,,,2024-08-01 06:00:00,1,
