PERSON_KEY,GEST_WEEKS,BIRTH_WEIGHT_G,DEATH_TS
14000000,1,2,
14000001,5,1,
14000002,5,5,
14000003,5,4,
14000004,4,6,
14000005,2,6,
14000006,3,1,
14000007,1,6,
14000008,1,4,
14000009,4,3,
14000010,4,5,
14000011,3,5,
14000012,5,1,
14000013,5,3,
14000014,4,3,
14000015,4,1,
14000016,6,2,2024-09-17 22:44:28
14000017,4,5,
14000018,2,2,
14000019,6,6,
14000020,4,3,
14000021,1,1,
14000022,1,2,
14000023,3,5,
14000024,6,4,
14000025,6,2,
14000026,2,6,
14000027,3,1,
14000028,3,6,
14000029,6,6,
14000030,2,3,
14000031,2,4,
14000032,2,2,
14000033,2,2,
14000034,4,3,
14000035,2,1,
14000036,4,4,
14000037,5,1,
14000038,3,4,
14000039,6,2,
14000040,3,4,
14000041,5,1,
14000042,4,5,
14000043,5,3,
14000044,2,3,
14000045,3,6,
14000046,4,4,
14000047,3,1,
14000048,1,3,
14000049,4,3,
14000050,5,3,
14000051,4,5,
14000052,6,4,
14000053,1,6,
14000054,6,5,
14000055,4,5,
14000056,3,1,
14000057,1,3,
14000058,4,2,
14000059,3,3,
14000060,2,1,
14000061,3,2,
14000062,5,4,
14000063,6,1,
14000064,2,6,
14000065,5,3,
14000066,1,6,
14000067,2,6,
14000068,6,3,
14000069,5,3,
14000070,3,5,
14000071,4,3,
14000072,2,1,
14000073,1,2,
14000074,3,5,
14000075,4,6,
14000076,5,3,
14000077,3,3,
14000078,4,1,
14000079,5,6,
14000080,6,6,
14000081,6,5,
14000082,4,6,
14000083,5,5,
14000084,4,4,
14000085,4,4,
14000086,5,1,
14000087,3,4,
14000088,4,4,
14000089,5,4,
14000090,1,3,
14000091,5,4,
14000092,1,2,
14000093,3,5,
14000094,5,5,
14000095,1,2,
14000096,1,5,
14000097,5,2,
14000098,6,1,
14000099,2,2,
14000100,2,1,
14000101,2,6,
14000102,3,4,
14000103,5,2,
14000104,6,3,
14000105,6,4,
14000106,4,6,
14000107,3,2,
14000108,1,2,
14000109,3,6,
14000110,5,2,
14000111,4,4,
14000112,5,5,
14000113,4,5,
14000114,5,1,
14000115,6,4,
14000116,4,6,
14000117,2,5,
14000118,5,2,
14000119,4,4,
14000120,2,6,
14000121,4,4,
14000122,3,1,
14000123,6,4,
14000124,6,6,
14000125,1,5,
14000126,5,4,
14000127,2,6,
14000128,6,1,
14000129,4,2,
14000130,3,4,
14000131,4,2,
14000132,5,5,
14000133,1,1,
14000134,6,1,
14000135,5,4,
14000136,4,1,
14000137,5,4,
14000138,5,2,
14000139,6,4,
14000140,3,5,
14000141,6,5,
14000142,4,5,
14000143,5,5,
14000144,3,4,
14000145,5,4,
14000146,3,6,
14000147,5,5,
14000148,5,6,
14000149,4,6,
14000150,4,5,
14000151,2,5,
14000152,5,5,
14000153,3,4,
14000154,5,6,
14000155,2,2,
14000156,6,3,
14000157,5,5,
14000158,5,5,
14000159,1,5,2026-06-05 04:13:51
14000160,2,3,
14000161,3,1,
14000162,1,4,
14000163,3,6,
14000164,5,1,
14000165,1,6,
14000166,3,3,
14000167,6,6,
14000168,4,2,
14000169,4,1,
14000170,5,3,
14000171,5,4,
14000172,3,2,
14000173,3,4,
14000174,2,4,
14000175,3,3,2026-10-02 09:14:20
14000176,6,2,
14000177,5,3,
14000178,4,5,
14000179,2,2,
14000180,6,5,
14000181,5,5,
14000182,3,6,
14000183,4,4,
14000184,5,5,
14000185,2,3,
14000186,5,4,
14000187,5,1,
14000188,3,1,
14000189,4,5,
14000190,5,1,
14000191,2,2,
14000192,2,4,
14000193,6,4,
14000194,6,5,
14000195,6,6,
14000196,1,3,
14000197,6,2,
14000198,3,3,
14000199,5,3,
990002100,,,2024-06-10 04:00:00
990002101,,,2024-08-20 23:00:00
990002102,,,2024-09-01 00:30:00
990003104,,,2024-05-22 03:00:00
