PROC_KEY,PROC_LABEL
10000000,CYSTOSCOPY USING PANENDOSCOPE
10000001,ATTENTION TO DRESSING OF BURNT SKIN
10000002,GASTROSCOPY
10000003,CORRECTION OF SCOLIOSIS
10000004,INCISION AND DRAINAGE OF ABSCESS
10000005,ADENOTONSILLECTOMY
10000006,REPAIR OF UMBILICAL HERNIA
10000007,REPAIR OF CLEFT LIP WITH TRIANGULAR FLAP
10000008,ATTENTION TO DRESSING OF BURNT SKIN
10000009,CYSTOSCOPY USING PANENDOSCOPE
10000010,CARDIAC CATHETERIZATION
10000011,CARDIAC CATHETERIZATION
10000012,CIRCUMCISION
10000013,REPAIR OF INGUINAL HERNIA
10000014,LARYNGOSCOPY
10000015,BONE MARROW ASPIRATION
10000016,MAGNETIC RESONANCE IMAGING
10000017,CLOSED REDUCTION OF FRACTURE OF RADIUS
10000018,LAPAROSCOPIC APPENDECTOMY
10000019,LARYNGOSCOPY
10000020,LINGUAL FRENOTOMY
10000021,INSERTION OF GROMMET
10000022,BONE MARROW ASPIRATION
10000023,REMOVAL OF FOREIGN BODY FROM EAR
10000024,BONE MARROW ASPIRATION
10000025,INSERTION OF GASTROSTOMY TUBE
10000026,MALE HYPOSPADIAS REPAIR
10000027,INSERTION OF CENTRAL VENOUS CATHETER
10000028,INSERTION OF GROMMET
10000029,ADENOTONSILLECTOMY
10000030,EXTRACTION OF TOOTH
10000031,MALE HYPOSPADIAS REPAIR
10000032,INSERTION OF GASTROSTOMY TUBE
10000033,BRONCHOSCOPY
10000034,REPAIR OF UMBILICAL HERNIA
10000035,CARDIAC CATHETERIZATION
10000036,TONSILLECTOMY
10000037,ORCHIDOPEXY
10000038,PRIMARY REPAIR OF CLEFT PALATE
10000039,PRIMARY REPAIR OF CLEFT PALATE
10000040,TONSILLECTOMY
10000041,APPENDECTOMY
10000042,ADENOTONSILLECTOMY
10000043,ADENOTONSILLECTOMY
10000044,PRIMARY REPAIR OF CLEFT PALATE
10000045,LARYNGOSCOPY
10000046,APPENDECTOMY
10000047,GASTROSCOPY
10000048,INSERTION OF CENTRAL VENOUS CATHETER
10000049,CORRECTION OF SCOLIOSIS
10000050,PRIMARY REPAIR OF CLEFT PALATE
10000051,ORCHIDOPEXY
10000052,GASTROSCOPY
10000053,MALE HYPOSPADIAS REPAIR
10000054,PYLOROMYOTOMY
10000055,CYSTOSCOPY USING PANENDOSCOPE
10000056,PRIMARY REPAIR OF CLEFT PALATE
10000057,STRABISMUS SURGERY
10000058,INSERTION OF CENTRAL VENOUS CATHETER
10000059,EXCISION OF SKIN LESION
10000060,ATTENTION TO DRESSING OF BURNT SKIN
10000061,REPAIR OF UMBILICAL HERNIA
10000062,CLOSED REDUCTION OF FRACTURE OF RADIUS
10000063,MYRINGOTOMY AND INSERTION OF TYMPANIC VENTILATION TUBE
10000064,PYLOROMYOTOMY
10000065,REPAIR OF INGUINAL HERNIA
10000066,EXCISION OF SKIN LESION
10000067,COLONOSCOPY
10000068,REPAIR OF CLEFT LIP WITH TRIANGULAR FLAP
10000069,FUNDOPLICATION
10000070,LAPAROSCOPIC APPENDECTOMY
10000071,LARYNGOSCOPY
10000072,ADENOIDECTOMY
10000073,REPAIR OF UMBILICAL HERNIA
10000074,APPENDECTOMY
10000075,TONSILLECTOMY
10000076,INSERTION OF GROMMET
10000077,REMOVAL OF FOREIGN BODY FROM EAR
10000078,REMOVAL OF FOREIGN BODY FROM EAR
10000079,REMOVAL OF FOREIGN BODY FROM EAR
10000080,LARYNGOSCOPY
10000081,INCISION AND DRAINAGE OF ABSCESS
10000082,BONE MARROW ASPIRATION
10000083,REPAIR OF UMBILICAL HERNIA
10000084,PRIMARY REPAIR OF CLEFT PALATE
10000085,INSERTION OF GROMMET
10000086,ORCHIDOPEXY
10000087,APPENDECTOMY
10000088,LUMBAR PUNCTURE
10000089,ATTENTION TO DRESSING OF BURNT SKIN
10000090,INSERTION OF GROMMET
10000091,INSERTION OF GROMMET
10000092,ADENOTONSILLECTOMY
10000093,CYSTOSCOPY USING PANENDOSCOPE
10000094,REPAIR OF UMBILICAL HERNIA
10000095,LARYNGOSCOPY
10000096,REPAIR OF CLEFT LIP WITH TRIANGULAR FLAP
10000097,INSERTION OF GASTROSTOMY TUBE
10000098,EXTRACTION OF TOOTH
10000099,FUNDOPLICATION
10000100,CLOSED REDUCTION OF FRACTURE OF RADIUS
10000101,VENTRICULOPERITONEAL SHUNT
10000102,LAPAROSCOPIC APPENDECTOMY
10000103,ADENOIDECTOMY
10000104,RESTORATION OF TOOTH
10000105,GASTROSCOPY
10000106,ORCHIDOPEXY
10000107,COLONOSCOPY
10000108,PYLOROMYOTOMY
10000109,INCISION AND DRAINAGE OF ABSCESS
10000110,INCISION AND DRAINAGE OF ABSCESS
10000111,CIRCUMCISION
10000112,CLOSED REDUCTION OF FRACTURE OF RADIUS
10000113,MYRINGOTOMY AND INSERTION OF TYMPANIC VENTILATION TUBE
10000114,ORCHIDOPEXY
10000115,COLONOSCOPY
10000116,INSERTION OF TRACHEOSTOMY TUBE
10000117,VENTRICULOPERITONEAL SHUNT
10000118,LAPAROSCOPIC APPENDECTOMY
10000119,INCISION AND DRAINAGE OF ABSCESS
10000120,PRIMARY REPAIR OF CLEFT PALATE
10000121,COLONOSCOPY
10000122,TONSILLECTOMY
10000123,PYLOROMYOTOMY
10000124,REPAIR OF CLEFT LIP WITH TRIANGULAR FLAP
10000125,EXTRACTION OF TOOTH
10000126,INSERTION OF GROMMET
10000127,CORRECTION OF SCOLIOSIS
10000128,INSERTION OF CENTRAL VENOUS CATHETER
10000129,INSERTION OF GROMMET
10000130,INSERTION OF GROMMET
10000131,ADENOTONSILLECTOMY
10000132,REPAIR OF UMBILICAL HERNIA
10000133,FUNDOPLICATION
10000134,ADENOTONSILLECTOMY
10000135,REPAIR OF INGUINAL HERNIA
10000136,ADENOTONSILLECTOMY
10000137,MAGNETIC RESONANCE IMAGING
10000138,CYSTOSCOPY USING PANENDOSCOPE
10000139,ATTENTION TO DRESSING OF BURNT SKIN
10000140,COLONOSCOPY
10000141,REPAIR OF CLEFT LIP WITH TRIANGULAR FLAP
10000142,COLONOSCOPY
10000143,VENTRICULOPERITONEAL SHUNT
10000144,BONE MARROW ASPIRATION
10000145,REPAIR OF UMBILICAL HERNIA
10000146,MALE HYPOSPADIAS REPAIR
10000147,INSERTION OF TRACHEOSTOMY TUBE
10000148,APPENDECTOMY
10000149,REPAIR OF INGUINAL HERNIA
10000150,INSERTION OF GROMMET
10000151,ORCHIDOPEXY
10000152,LARYNGOSCOPY
10000153,LAPAROSCOPIC APPENDECTOMY
10000154,ADENOTONSILLECTOMY
10000155,STRABISMUS SURGERY
10000156,FUNDOPLICATION
10000157,STRABISMUS SURGERY
10000158,EXCISION OF SKIN LESION
10000159,COLONOSCOPY
10000160,REPAIR OF UMBILICAL HERNIA
10000161,APPENDECTOMY
10000162,REMOVAL OF FOREIGN BODY FROM EAR
10000163,CIRCUMCISION
10000164,OPEN REDUCTION OF FRACTURE
10000165,APPENDECTOMY
10000166,INCISION AND DRAINAGE OF ABSCESS
10000167,BONE MARROW ASPIRATION
10000168,RESTORATION OF TOOTH
10000169,REMOVAL OF FOREIGN BODY FROM EAR
10000170,INCISION AND DRAINAGE OF ABSCESS
10000171,INSERTION OF GASTROSTOMY TUBE
10000172,COLONOSCOPY
10000173,BRONCHOSCOPY
10000174,PYLOROMYOTOMY
10000175,CLOSED REDUCTION OF FRACTURE OF RADIUS
10000176,CIRCUMCISION
10000177,LUMBAR PUNCTURE
10000178,ATTENTION TO DRESSING OF BURNT SKIN
10000179,PYLOROMYOTOMY
10000180,CARDIAC CATHETERIZATION
10000181,STRABISMUS SURGERY
10000182,VENTRICULOPERITONEAL SHUNT
10000183,CLOSED REDUCTION OF FRACTURE OF RADIUS
10000184,LINGUAL FRENOTOMY
10000185,ADENOTONSILLECTOMY
10000186,BRONCHOSCOPY
10000187,EXTRACTION OF TOOTH
10000188,REPAIR OF CLEFT LIP WITH TRIANGULAR FLAP
10000189,BRONCHOSCOPY
10000190,MALE HYPOSPADIAS REPAIR
10000191,EXTRACTION OF TOOTH
10000192,REMOVAL OF FOREIGN BODY FROM EAR
10000193,BONE MARROW ASPIRATION
10000194,ORCHIDOPEXY
10000195,MALE HYPOSPADIAS REPAIR
10000196,CARDIAC CATHETERIZATION
10000197,COLONOSCOPY
10000198,PRIMARY REPAIR OF CLEFT PALATE
10000199,EXCISION OF SKIN LESION
