STAFF_KEY,STAFF_LABEL
11000000,34
11000001,32
11000002,21
11000003,37
11000004,26
11000005,10
11000006,29
11000007,25
11000008,35
11000009,3
11000010,8
11000011,37
11000012,24
11000013,27
11000014,6
11000015,20
11000016,6
11000017,36
11000018,34
11000019,22
11000020,36
11000021,17
11000022,22
11000023,10
11000024,4
11000025,0
11000026,24
11000027,9
11000028,3
11000029,2
11000030,32
11000031,12
11000032,26
11000033,20
11000034,31
11000035,2
11000036,15
11000037,7
11000038,27
11000039,38
11000040,0
11000041,11
11000042,6
11000043,32
11000044,36
11000045,25
11000046,16
11000047,17
11000048,2
11000049,38
11000050,28
11000051,3
11000052,32
11000053,28
11000054,24
11000055,38
11000056,14
11000057,2
11000058,6
11000059,32
11000060,10
11000061,26
11000062,10
11000063,23
11000064,1
11000065,24
11000066,5
11000067,38
11000068,36
11000069,14
11000070,3
11000071,28
11000072,15
11000073,35
11000074,18
11000075,16
11000076,19
11000077,2
11000078,26
11000079,33
11000080,19
11000081,3
11000082,18
11000083,21
11000084,34
11000085,35
11000086,36
11000087,1
11000088,34
11000089,17
11000090,2
11000091,18
11000092,13
11000093,16
11000094,27
11000095,36
11000096,36
11000097,24
11000098,19
11000099,1
11000100,27
11000101,17
11000102,17
11000103,36
11000104,39
11000105,16
11000106,21
11000107,34
11000108,4
11000109,25
11000110,24
11000111,31
11000112,22
11000113,17
11000114,14
11000115,12
11000116,39
11000117,25
11000118,0
11000119,9
11000120,19
11000121,5
11000122,18
11000123,26
11000124,31
11000125,31
11000126,7
11000127,0
11000128,35
11000129,29
11000130,8
11000131,22
11000132,18
11000133,29
11000134,16
11000135,21
11000136,14
11000137,24
11000138,17
11000139,31
11000140,12
11000141,24
11000142,27
11000143,5
11000144,7
11000145,15
11000146,5
11000147,39
11000148,26
11000149,11
11000150,28
11000151,15
11000152,37
11000153,3
11000154,31
11000155,23
11000156,2
11000157,37
11000158,0
11000159,3
11000160,25
11000161,19
11000162,17
11000163,22
11000164,20
11000165,9
11000166,11
11000167,28
11000168,5
11000169,34
11000170,7
11000171,11
11000172,36
11000173,11
11000174,1
11000175,18
11000176,11
11000177,36
11000178,11
11000179,2
11000180,28
11000181,33
11000182,29
11000183,16
11000184,29
11000185,6
11000186,32
11000187,32
11000188,39
11000189,6
11000190,8
11000191,9
11000192,17
11000193,20
11000194,21
11000195,32
11000196,7
11000197,35
11000198,30
11000199,14
