CASE_KEY,VISIT_KEY,PERSON_KEY,CASE_DATE,CASE_STATUS_CAT,ROOM_KEY,SERVICE_CAT,EMERGENCY_FLAG
12000000,15000000,14000000,2023-10-06 00:00:00,1,36,6000000,Y
12000001,15000001,14000001,2023-10-07 00:00:00,2,17,6000001,Y
12000002,15000002,14000002,2025-01-11 00:00:00,2,33,6000002,N
12000003,15000003,14000003,2023-09-06 00:00:00,2,13,6000003,N
12000004,15000004,14000004,2024-01-10 00:00:00,2,14,6000004,N
12000005,15000005,14000005,2024-06-19 00:00:00,1,13,6000005,Y
12000006,15000006,14000006,2025-02-17 00:00:00,2,34,6000006,N
12000007,15000007,14000007,2024-01-07 00:00:00,2,28,6000007,Y
12000008,15000008,14000008,2023-01-17 00:00:00,2,7,6000008,N
12000009,15000009,14000009,2023-11-13 00:00:00,2,1,6000009,N
12000010,15000010,14000010,2025-09-12 00:00:00,4,12,6000010,Y
12000011,15000011,14000011,2024-06-12 00:00:00,2,30,6000011,N
12000012,15000012,14000012,2023-06-02 00:00:00,2,32,6000012,N
12000013,15000013,14000013,2025-09-30 00:00:00,2,1,6000013,N
12000014,15000014,14000014,2024-04-20 00:00:00,4,2,6000014,N
12000015,15000015,14000015,2025-05-12 00:00:00,1,34,6000015,N
12000016,15000016,14000016,2024-01-31 00:00:00,6,36,6000016,N
12000017,15000017,14000017,2025-11-11 00:00:00,2,18,6000017,N
12000018,15000018,14000018,2024-01-09 00:00:00,2,1,6000018,N
12000019,15000019,14000019,2024-06-13 00:00:00,2,23,6000019,Y
12000020,15000020,14000020,2023-01-28 00:00:00,1,22,6000020,N
12000021,15000021,14000021,2023-03-25 00:00:00,2,17,6000021,N
12000022,15000022,14000022,2025-05-24 00:00:00,2,25,6000022,N
12000023,15000023,14000023,2025-07-08 00:00:00,2,23,6000023,N
12000024,15000024,14000024,2024-02-27 00:00:00,4,13,6000024,N
12000025,15000025,14000025,2024-05-17 00:00:00,6,15,6000025,Y
12000026,15000026,14000026,2023-01-20 00:00:00,2,1,6000026,N
12000027,15000027,14000027,2023-12-14 00:00:00,4,10,6000027,Y
12000028,15000028,14000028,2024-12-24 00:00:00,1,31,6000028,N
12000029,15000029,14000029,2025-06-10 00:00:00,2,29,6000029,N
12000030,15000030,14000030,2023-03-24 00:00:00,2,7,6000030,Y
12000031,15000031,14000031,2023-06-29 00:00:00,2,0,6000031,N
12000032,15000032,14000032,2023-10-07 00:00:00,2,8,6000032,N
12000033,15000033,14000033,2024-01-05 00:00:00,2,12,6000033,N
12000034,15000034,14000034,2025-09-22 00:00:00,2,19,6000034,N
12000035,15000035,14000035,2025-04-10 00:00:00,6,35,6000035,Y
12000036,15000036,14000036,2025-05-04 00:00:00,6,18,6000036,N
12000037,15000037,14000037,2025-03-15 00:00:00,4,22,6000037,N
12000038,15000038,14000038,2025-06-20 00:00:00,2,15,6000038,N
12000039,15000039,14000039,2024-10-25 00:00:00,2,32,6000039,N
12000040,15000040,14000040,2024-03-22 00:00:00,2,27,6000040,N
12000041,15000041,14000041,2025-08-15 00:00:00,1,11,6000041,N
12000042,15000042,14000042,2023-10-23 00:00:00,4,5,6000042,N
12000043,15000043,14000043,2024-10-19 00:00:00,2,14,6000043,N
12000044,15000044,14000044,2023-06-19 00:00:00,2,7,6000044,N
12000045,15000045,14000045,2025-03-12 00:00:00,6,11,6000045,N
12000046,15000046,14000046,2024-12-17 00:00:00,4,36,6000046,N
12000047,15000047,14000047,2025-02-04 00:00:00,6,4,6000047,Y
12000048,15000048,14000048,2024-06-15 00:00:00,2,36,6000048,N
12000049,15000049,14000049,2025-01-25 00:00:00,2,16,6000049,N
12000050,15000050,14000050,2025-01-04 00:00:00,2,20,6000050,N
12000051,15000051,14000051,2024-04-14 00:00:00,2,9,6000051,N
12000052,15000052,14000052,2025-01-15 00:00:00,2,16,6000052,Y
12000053,15000053,14000053,2025-04-21 00:00:00,2,8,6000053,N
12000054,15000054,14000054,2024-08-24 00:00:00,2,17,6000054,N
12000055,15000055,14000055,2025-08-21 00:00:00,6,24,6000055,N
12000056,15000056,14000056,2023-01-03 00:00:00,2,13,6000056,N
12000057,15000057,14000057,2023-05-28 00:00:00,2,1,6000057,Y
12000058,15000058,14000058,2024-11-25 00:00:00,2,8,6000058,N
12000059,15000059,14000059,2025-01-07 00:00:00,1,24,6000059,N
12000060,15000060,14000060,2025-08-28 00:00:00,2,32,6000060,Y
12000061,15000061,14000061,2023-07-01 00:00:00,2,34,6000061,N
12000062,15000062,14000062,2024-08-16 00:00:00,2,4,6000062,Y
12000063,15000063,14000063,2023-09-16 00:00:00,2,39,6000063,N
12000064,15000064,14000064,2024-10-18 00:00:00,2,3,6000064,N
12000065,15000065,14000065,2025-11-04 00:00:00,2,25,6000065,N
12000066,15000066,14000066,2025-06-14 00:00:00,2,0,6000066,N
12000067,15000067,14000067,2025-11-02 00:00:00,6,20,6000067,Y
12000068,15000068,14000068,2025-02-21 00:00:00,2,32,6000068,N
12000069,15000069,14000069,2025-07-17 00:00:00,2,5,6000069,N
12000070,15000070,14000070,2023-03-30 00:00:00,2,8,6000070,N
12000071,15000071,14000071,2025-11-30 00:00:00,2,8,6000071,Y
12000072,15000072,14000072,2024-01-04 00:00:00,2,0,6000072,Y
12000073,15000073,14000073,2024-03-31 00:00:00,1,34,6000073,N
12000074,15000074,14000074,2023-07-01 00:00:00,2,3,6000074,N
12000075,15000075,14000075,2023-11-09 00:00:00,2,1,6000075,N
12000076,15000076,14000076,2025-12-12 00:00:00,2,12,6000076,N
12000077,15000077,14000077,2025-05-08 00:00:00,2,23,6000077,Y
12000078,15000078,14000078,2024-06-08 00:00:00,4,19,6000078,N
12000079,15000079,14000079,2024-08-31 00:00:00,4,26,6000079,N
12000080,15000080,14000080,2025-12-11 00:00:00,2,32,6000080,N
12000081,15000081,14000081,2024-04-25 00:00:00,2,36,6000081,N
12000082,15000082,14000082,2023-12-04 00:00:00,2,28,6000082,Y
12000083,15000083,14000083,2023-08-18 00:00:00,2,36,6000083,N
12000084,15000084,14000084,2024-12-05 00:00:00,6,11,6000084,N
12000085,15000085,14000085,2024-09-25 00:00:00,6,27,6000085,Y
12000086,15000086,14000086,2024-07-28 00:00:00,2,10,6000086,N
12000087,15000087,14000087,2025-11-28 00:00:00,4,37,6000087,N
12000088,15000088,14000088,2025-03-19 00:00:00,6,19,6000088,N
12000089,15000089,14000089,2024-03-26 00:00:00,2,25,6000089,Y
12000090,15000090,14000090,2025-04-26 00:00:00,6,1,6000090,N
12000091,15000091,14000091,2023-10-27 00:00:00,2,16,6000091,N
12000092,15000092,14000092,2025-03-06 00:00:00,2,1,6000092,N
12000093,15000093,14000093,2024-10-25 00:00:00,4,4,6000093,N
12000094,15000094,14000094,2023-07-10 00:00:00,1,1,6000094,Y
12000095,15000095,14000095,2025-12-02 00:00:00,2,16,6000095,Y
12000096,15000096,14000096,2025-05-24 00:00:00,2,1,6000096,N
12000097,15000097,14000097,2025-05-15 00:00:00,2,35,6000097,N
12000098,15000098,14000098,2024-12-05 00:00:00,1,29,6000098,Y
12000099,15000099,14000099,2025-09-15 00:00:00,2,13,6000099,Y
12000100,15000100,14000100,2024-08-13 00:00:00,2,13,6000100,N
12000101,15000101,14000101,2024-01-30 00:00:00,2,22,6000101,N
12000102,15000102,14000102,2025-10-01 00:00:00,2,37,6000102,N
12000103,15000103,14000103,2023-03-29 00:00:00,2,14,6000103,N
12000104,15000104,14000104,2024-12-10 00:00:00,2,16,6000104,N
12000105,15000105,14000105,2025-11-02 00:00:00,2,13,6000105,N
12000106,15000106,14000106,2023-12-03 00:00:00,6,24,6000106,Y
12000107,15000107,14000107,2024-12-07 00:00:00,1,11,6000107,N
12000108,15000108,14000108,2025-04-14 00:00:00,2,0,6000108,Y
12000109,15000109,14000109,2025-02-02 00:00:00,2,26,6000109,N
12000110,15000110,14000110,2025-09-15 00:00:00,2,28,6000110,Y
12000111,15000111,14000111,2024-10-03 00:00:00,2,8,6000111,Y
12000112,15000112,14000112,2024-10-23 00:00:00,4,20,6000112,N
12000113,15000113,14000113,2025-08-27 00:00:00,1,14,6000113,N
12000114,15000114,14000114,2023-08-31 00:00:00,1,28,6000114,Y
12000115,15000115,14000115,2025-02-03 00:00:00,2,31,6000115,N
12000116,15000116,14000116,2023-01-05 00:00:00,6,4,6000116,N
12000117,15000117,14000117,2025-11-11 00:00:00,2,35,6000117,N
12000118,15000118,14000118,2023-08-10 00:00:00,2,4,6000118,Y
12000119,15000119,14000119,2023-01-03 00:00:00,2,38,6000119,N
12000120,15000120,14000120,2025-01-08 00:00:00,2,22,6000120,Y
12000121,15000121,14000121,2024-02-07 00:00:00,2,0,6000121,N
12000122,15000122,14000122,2025-01-15 00:00:00,2,25,6000122,Y
12000123,15000123,14000123,2025-11-28 00:00:00,2,1,6000123,N
12000124,15000124,14000124,2023-01-31 00:00:00,2,18,6000124,N
12000125,15000125,14000125,2025-02-09 00:00:00,2,11,6000125,N
12000126,15000126,14000126,2024-09-24 00:00:00,2,0,6000126,Y
12000127,15000127,14000127,2025-04-30 00:00:00,2,39,6000127,N
12000128,15000128,14000128,2023-04-15 00:00:00,2,6,6000128,N
12000129,15000129,14000129,2025-01-02 00:00:00,2,3,6000129,Y
12000130,15000130,14000130,2023-02-13 00:00:00,4,3,6000130,N
12000131,15000131,14000131,2024-04-04 00:00:00,4,1,6000131,N
12000132,15000132,14000132,2024-07-16 00:00:00,2,2,6000132,N
12000133,15000133,14000133,2024-01-19 00:00:00,2,16,6000133,N
12000134,15000134,14000134,2025-05-22 00:00:00,2,37,6000134,N
12000135,15000135,14000135,2025-11-06 00:00:00,4,10,6000135,N
12000136,15000136,14000136,2024-10-17 00:00:00,2,38,6000136,Y
12000137,15000137,14000137,2023-02-28 00:00:00,6,3,6000137,N
12000138,15000138,14000138,2025-01-01 00:00:00,2,19,6000138,N
12000139,15000139,14000139,2025-05-08 00:00:00,2,33,6000139,N
12000140,15000140,14000140,2025-05-11 00:00:00,2,5,6000140,N
12000141,15000141,14000141,2024-10-13 00:00:00,1,36,6000141,N
12000142,15000142,14000142,2023-01-10 00:00:00,4,15,6000142,Y
12000143,15000143,14000143,2024-07-22 00:00:00,4,5,6000143,N
12000144,15000144,14000144,2024-02-28 00:00:00,2,30,6000144,Y
12000145,15000145,14000145,2024-05-29 00:00:00,2,36,6000145,N
12000146,15000146,14000146,2023-04-06 00:00:00,4,34,6000146,Y
12000147,15000147,14000147,2024-05-11 00:00:00,2,30,6000147,N
12000148,15000148,14000148,2025-10-31 00:00:00,2,29,6000148,N
12000149,15000149,14000149,2024-06-17 00:00:00,2,17,6000149,N
12000150,15000150,14000150,2023-09-25 00:00:00,2,28,6000150,N
12000151,15000151,14000151,2024-02-14 00:00:00,2,3,6000151,Y
12000152,15000152,14000152,2025-08-31 00:00:00,2,28,6000152,N
12000153,15000153,14000153,2025-09-03 00:00:00,2,1,6000153,N
12000154,15000154,14000154,2024-08-16 00:00:00,1,38,6000154,N
12000155,15000155,14000155,2025-12-08 00:00:00,2,27,6000155,N
12000156,15000156,14000156,2023-06-25 00:00:00,4,15,6000156,N
12000157,15000157,14000157,2025-03-15 00:00:00,4,26,6000157,N
12000158,15000158,14000158,2024-11-27 00:00:00,2,24,6000158,Y
12000159,15000159,14000159,2023-07-21 00:00:00,2,29,6000159,N
12000160,15000160,14000160,2024-03-11 00:00:00,2,0,6000160,Y
12000161,15000161,14000161,2025-12-07 00:00:00,2,21,6000161,N
12000162,15000162,14000162,2024-12-06 00:00:00,2,12,6000162,Y
12000163,15000163,14000163,2025-08-16 00:00:00,2,20,6000163,N
12000164,15000164,14000164,2025-07-04 00:00:00,6,7,6000164,N
12000165,15000165,14000165,2024-04-09 00:00:00,1,5,6000165,N
12000166,15000166,14000166,2025-01-29 00:00:00,2,34,6000166,N
12000167,15000167,14000167,2024-08-09 00:00:00,2,18,6000167,N
12000168,15000168,14000168,2025-07-04 00:00:00,2,21,6000168,N
12000169,15000169,14000169,2024-04-09 00:00:00,2,38,6000169,N
12000170,15000170,14000170,2023-06-13 00:00:00,2,24,6000170,N
12000171,15000171,14000171,2025-08-22 00:00:00,4,16,6000171,N
12000172,15000172,14000172,2024-04-20 00:00:00,2,2,6000172,Y
12000173,15000173,14000173,2024-04-28 00:00:00,2,14,6000173,N
12000174,15000174,14000174,2023-10-13 00:00:00,2,14,6000174,N
12000175,15000175,14000175,2025-10-23 00:00:00,4,17,6000175,N
12000176,15000176,14000176,2024-06-29 00:00:00,2,13,6000176,N
12000177,15000177,14000177,2025-07-07 00:00:00,6,37,6000177,N
12000178,15000178,14000178,2024-05-05 00:00:00,2,33,6000178,N
12000179,15000179,14000179,2025-07-10 00:00:00,2,1,6000179,N
12000180,15000180,14000180,2023-03-31 00:00:00,2,1,6000180,Y
12000181,15000181,14000181,2024-12-13 00:00:00,6,13,6000181,N
12000182,15000182,14000182,2024-08-10 00:00:00,6,17,6000182,N
12000183,15000183,14000183,2023-05-02 00:00:00,2,12,6000183,Y
12000184,15000184,14000184,2024-04-29 00:00:00,4,34,6000184,N
12000185,15000185,14000185,2023-11-10 00:00:00,2,37,6000185,N
12000186,15000186,14000186,2024-03-03 00:00:00,2,30,6000186,N
12000187,15000187,14000187,2025-02-18 00:00:00,2,33,6000187,N
12000188,15000188,14000188,2025-07-26 00:00:00,2,27,6000188,N
12000189,15000189,14000189,2023-04-27 00:00:00,2,28,6000189,N
12000190,15000190,14000190,2024-10-03 00:00:00,2,26,6000190,N
12000191,15000191,14000191,2023-08-14 00:00:00,2,29,6000191,Y
12000192,15000192,14000192,2024-03-10 00:00:00,2,12,6000192,Y
12000193,15000193,14000193,2025-02-02 00:00:00,2,15,6000193,N
12000194,15000194,14000194,2023-04-21 00:00:00,2,38,6000194,N
12000195,15000195,14000195,2024-03-19 00:00:00,1,15,6000195,N
12000196,15000196,14000196,2025-07-07 00:00:00,6,18,6000196,N
12000197,15000197,14000197,2023-08-04 00:00:00,4,10,6000197,N
12000198,15000198,14000198,2023-07-04 00:00:00,2,28,6000198,N
12000199,15000199,14000199,2025-09-12 00:00:00,6,17,6000199,Y
990000101,990000121,990000111,2024-03-05 00:00:00,2,,,
990000102,990000122,990000112,2024-03-06 00:00:00,2,,,
990000103,990000123,990000113,2024-03-07 00:00:00,2,,,
990000104,990000124,990000114,2024-03-08 00:00:00,2,,,
990000201,990000221,990000211,2024-05-09 00:00:00,2,,,
990000202,990000222,990000212,2024-05-10 00:00:00,2,,,
990000203,990000223,990000213,2021-02-28 00:00:00,2,,,
990000204,990000224,990000214,2021-03-01 00:00:00,2,,,
990000301,990000321,990000311,2024-04-02 00:00:00,2,,,
990000302,990000321,990000311,2024-04-04 00:00:00,2,,,
990000401,990000421,990000411,2024-06-14 00:00:00,2,,,
990000501,990000521,990000511,2024-06-21 00:00:00,2,,,
990000601,990000621,990000611,2024-06-25 00:00:00,2,,,
990000701,990000721,990000711,2024-07-10 00:00:00,2,,,
990000801,990000821,990000811,2024-07-12 00:00:00,2,,,
990000901,990000921,990000911,2024-07-15 00:00:00,2,,,
990001001,990001021,990001011,2024-07-17 00:00:00,2,,,
990001101,990001121,990001111,2024-07-19 00:00:00,2,,,
990001201,990001221,990001211,2024-07-22 00:00:00,2,,,
990001301,990001321,990001311,2024-07-24 00:00:00,2,,,
990001401,990001421,990001411,2024-08-20 00:00:00,2,,,
990001601,990001621,990001611,2024-09-03 00:00:00,2,,,
990002200,990002300,990002100,2024-05-11 00:00:00,2,,,
990002201,990002301,990002101,2024-05-22 00:00:00,2,,,
990002202,990002302,990002102,2024-06-02 00:00:00,2,,,
990002203,990002303,990002103,2024-06-11 00:00:00,2,,,
990002204,990002304,990002104,2024-06-20 00:00:00,2,,,
990002205,990002305,990002105,2024-06-30 00:00:00,2,,,
990002206,990002306,990002106,2024-07-11 00:00:00,2,,,
990002207,990002307,990002107,2024-07-20 00:00:00,2,,,
990003200,990003300,990003100,2024-03-29 00:00:00,2,,,
990003201,990003301,990003101,2024-04-08 00:00:00,2,,,
990003202,990003302,990003102,2024-04-11 00:00:00,2,,,
990003203,990003303,990003103,2024-04-20 00:00:00,2,,,
990003204,990003304,990003104,2024-04-25 00:00:00,2,,,
990003205,990003305,990003104,2024-05-02 00:00:00,2,,,
990004200,990004300,990004100,2024-08-11 00:00:00,2,,,
