VISIT_KEY,SEQ,DIAG_KEY,PRIMARY_FLAG
15000000,2,1000000,5
15000001,4,1000001,5
15000002,4,1000002,6
15000003,3,1000003,6
15000004,4,1000004,2
15000005,3,1000005,9
15000006,1,1000006,7
15000007,5,1000007,9
15000008,2,1000008,8
15000009,5,1000009,8
15000010,6,1000010,2
15000011,5,1000011,3
15000012,4,1000012,8
15000013,5,1000013,4
15000014,6,1000014,5
15000015,4,1000015,8
15000016,3,1000016,6
15000017,4,1000017,7
15000018,2,1000018,5
15000019,6,1000019,9
15000020,4,1000020,7
15000021,3,1000021,0
15000022,3,1000022,9
15000023,2,1000023,3
15000024,2,1000024,1
15000025,5,1000025,1
15000026,4,1000026,2
15000027,3,1000027,4
15000028,1,1000028,5
15000029,6,1000029,2
15000030,3,1000030,7
15000031,1,1000031,4
15000032,6,1000032,6
15000033,2,1000033,3
15000034,3,1000034,2
15000035,4,1000035,0
15000036,1,1000036,6
15000037,1,1000037,4
15000038,1,1000038,2
15000039,5,1000039,5
15000040,6,1000040,5
15000041,1,1000041,5
15000042,6,1000042,7
15000043,4,1000043,9
15000044,3,1000044,6
15000045,5,1000045,5
15000046,1,1000046,3
15000047,3,1000047,5
15000048,2,1000048,8
15000049,1,1000049,9
15000050,6,1000050,7
15000051,2,1000051,8
15000052,2,1000052,5
15000053,1,1000053,4
15000054,5,1000054,9
15000055,3,1000055,3
15000056,4,1000056,2
15000057,6,1000057,2
15000058,4,1000058,1
15000059,1,1000059,0
15000060,3,1000060,2
15000061,1,1000061,6
15000062,6,1000062,4
15000063,4,1000063,0
15000064,2,1000064,8
15000065,2,1000065,2
15000066,6,1000066,4
15000067,5,1000067,7
15000068,4,1000068,5
15000069,2,1000069,0
15000070,6,1000070,7
15000071,6,1000071,5
15000072,2,1000072,8
15000073,3,1000073,0
15000074,6,1000074,1
15000075,6,1000075,7
15000076,2,1000076,8
15000077,4,1000077,7
15000078,2,1000078,4
15000079,5,1000079,5
15000080,5,1000080,5
15000081,2,1000081,5
15000082,6,1000082,4
15000083,1,1000083,1
15000084,5,1000084,1
15000085,2,1000085,6
15000086,2,1000086,9
15000087,1,1000087,2
15000088,3,1000088,0
15000089,6,1000089,2
15000090,6,1000090,1
15000091,5,1000091,7
15000092,4,1000092,1
15000093,3,1000093,6
15000094,2,1000094,7
15000095,4,1000095,3
15000096,1,1000096,3
15000097,2,1000097,9
15000098,3,1000098,3
15000099,1,1000099,0
15000100,5,1000100,1
15000101,4,1000101,8
15000102,1,1000102,2
15000103,3,1000103,6
15000104,5,1000104,9
15000105,3,1000105,2
15000106,1,1000106,3
15000107,4,1000107,2
15000108,4,1000108,6
15000109,1,1000109,1
15000110,4,1000110,7
15000111,6,1000111,0
15000112,2,1000112,2
15000113,6,1000113,6
15000114,1,1000114,6
15000115,1,1000115,6
15000116,1,1000116,1
15000117,4,1000117,2
15000118,5,1000118,3
15000119,5,1000119,7
15000120,1,1000120,7
15000121,6,1000121,7
15000122,4,1000122,3
15000123,5,1000123,6
15000124,6,1000124,4
15000125,5,1000125,2
15000126,2,1000126,2
15000127,3,1000127,4
15000128,3,1000128,5
15000129,6,1000129,0
15000130,6,1000130,3
15000131,4,1000131,1
15000132,3,1000132,9
15000133,6,1000133,9
15000134,4,1000134,9
15000135,2,1000135,9
15000136,2,1000136,1
15000137,5,1000137,8
15000138,3,1000138,0
15000139,4,1000139,8
15000140,4,1000140,8
15000141,3,1000141,5
15000142,3,1000142,3
15000143,1,1000143,6
15000144,2,1000144,9
15000145,1,1000145,6
15000146,5,1000146,4
15000147,2,1000147,4
15000148,1,1000148,6
15000149,5,1000149,0
15000150,3,1000150,8
15000151,3,1000151,6
15000152,6,1000152,3
15000153,2,1000153,0
15000154,2,1000154,9
15000155,3,1000155,4
15000156,2,1000156,0
15000157,6,1000157,6
15000158,3,1000158,2
15000159,3,1000159,0
15000160,4,1000160,7
15000161,1,1000161,2
15000162,3,1000162,0
15000163,1,1000163,4
15000164,1,1000164,0
15000165,4,1000165,5
15000166,6,1000166,0
15000167,2,1000167,2
15000168,5,1000168,0
15000169,3,1000169,4
15000170,2,1000170,3
15000171,1,1000171,2
15000172,3,1000172,9
15000173,6,1000173,1
15000174,4,1000174,5
15000175,1,1000175,5
15000176,4,1000176,6
15000177,4,1000177,7
15000178,4,1000178,7
15000179,5,1000179,9
15000180,1,1000180,5
15000181,6,1000181,4
15000182,5,1000182,6
15000183,2,1000183,2
15000184,2,1000184,4
15000185,3,1000185,5
15000186,1,1000186,8
15000187,2,1000187,6
15000188,2,1000188,9
15000189,1,1000189,4
15000190,6,1000190,7
15000191,4,1000191,1
15000192,3,1000192,3
15000193,4,1000193,6
15000194,3,1000194,4
15000195,4,1000195,0
15000196,4,1000196,4
15000197,3,1000197,7
15000198,1,1000198,8
15000199,2,1000199,5
