VISIT_KEY,PERSON_KEY,ADMIT_TS,DISCH_TS,WARD_KEY,VISIT_KIND_CAT
15000000,14000000,2023-10-05 09:53:14,2023-10-07 19:57:14,16000000,3
15000001,14000001,2023-10-06 08:19:47,2023-10-09 00:28:47,16000001,1
15000002,14000002,2025-01-10 01:01:07,2025-01-13 04:12:07,16000002,4
15000003,14000003,2023-09-04 20:29:28,2023-09-08 11:44:28,16000003,6
15000004,14000004,2024-01-09 21:41:35,2024-01-12 07:40:35,16000004,4
15000005,14000005,2024-06-17 16:19:53,2024-06-21 08:11:53,16000005,2
15000006,14000006,2025-02-15 19:05:03,2025-02-20 10:30:03,16000006,1
15000007,14000007,2024-01-06 19:09:10,2024-01-10 09:41:10,16000007,2
15000008,14000008,2023-01-15 12:40:18,2023-01-19 13:51:18,16000008,4
15000009,14000009,2023-11-11 14:35:45,2023-11-16 09:29:45,16000009,3
15000010,14000010,2025-09-11 20:47:17,2025-09-15 16:03:17,16000010,1
15000011,14000011,2024-06-10 20:42:41,2024-06-15 08:51:41,16000011,2
15000012,14000012,2023-05-31 10:32:08,2023-06-04 16:29:08,16000012,3
15000013,14000013,2025-09-28 17:08:24,2025-10-02 21:23:24,16000013,6
15000014,14000014,2024-04-19 17:12:09,2024-04-21 18:20:09,16000014,1
15000015,14000015,2025-05-11 10:55:01,2025-05-14 01:08:01,16000015,6
15000016,14000016,2024-01-30 08:58:28,2024-02-03 16:27:28,16000016,5
15000017,14000017,2025-11-09 16:12:13,2025-11-12 20:57:13,16000017,2
15000018,14000018,2024-01-07 13:19:46,2024-01-09 22:24:46,16000018,2
15000019,14000019,2024-06-11 19:28:17,2024-06-15 06:27:17,16000019,3
15000020,14000020,2023-01-27 08:34:57,2023-01-29 20:47:57,16000020,2
15000021,14000021,2023-03-23 18:21:50,2023-03-27 12:04:50,16000021,6
15000022,14000022,2025-05-23 16:39:02,2025-05-25 06:34:02,16000022,1
15000023,14000023,2025-07-07 10:25:09,2025-07-11 09:45:09,16000023,1
15000024,14000024,2024-02-26 08:43:08,2024-02-28 03:43:08,16000024,5
15000025,14000025,2024-05-15 22:50:25,2024-05-18 12:14:25,16000025,3
15000026,14000026,2023-01-19 00:50:59,2023-01-23 05:57:59,16000026,6
15000027,14000027,2023-12-12 06:06:46,2023-12-15 21:44:46,16000027,4
15000028,14000028,2024-12-22 23:25:50,2024-12-25 02:13:50,16000028,5
15000029,14000029,2025-06-09 05:40:44,2025-06-10 18:13:44,16000029,5
15000030,14000030,2023-03-22 22:33:57,2023-03-27 03:12:57,16000030,1
15000031,14000031,2023-06-27 09:45:01,2023-07-01 16:57:01,16000031,6
15000032,14000032,2023-10-05 18:51:47,2023-10-08 00:27:47,16000032,4
15000033,14000033,2024-01-04 00:24:20,2024-01-05 21:00:20,16000033,2
15000034,14000034,2025-09-20 17:37:13,2025-09-23 04:27:13,16000034,2
15000035,14000035,2025-04-09 06:30:29,2025-04-11 10:10:29,16000035,1
15000036,14000036,2025-05-03 09:06:24,2025-05-07 13:49:24,16000036,5
15000037,14000037,2025-03-14 03:59:55,2025-03-16 04:38:55,16000037,2
15000038,14000038,2025-06-18 10:47:52,2025-06-22 02:19:52,16000038,4
15000039,14000039,2024-10-23 10:04:50,2024-10-27 23:52:50,16000039,6
15000040,14000040,2024-03-20 22:06:32,2024-03-23 04:00:32,16000040,2
15000041,14000041,2025-08-14 15:37:57,2025-08-17 06:36:57,16000041,4
15000042,14000042,2023-10-22 00:42:00,2023-10-26 17:52:00,16000042,6
15000043,14000043,2024-10-18 13:38:53,2024-10-21 18:59:53,16000043,1
15000044,14000044,2023-06-18 02:21:33,2023-06-21 13:45:33,16000044,5
15000045,14000045,2025-03-11 01:51:33,2025-03-12 21:01:33,16000045,3
15000046,14000046,2024-12-16 01:42:13,2024-12-19 18:32:13,16000046,5
15000047,14000047,2025-02-03 13:26:59,2025-02-06 04:25:59,16000047,6
15000048,14000048,2024-06-13 15:43:40,2024-06-16 02:29:40,16000048,1
15000049,14000049,2025-01-23 16:45:00,2025-01-27 10:03:00,16000049,5
15000050,14000050,2025-01-02 11:05:47,2025-01-05 21:55:47,16000050,6
15000051,14000051,2024-04-12 16:09:51,2024-04-16 14:16:51,16000051,3
15000052,14000052,2025-01-13 21:38:26,2025-01-18 22:02:26,16000052,4
15000053,14000053,2025-04-19 15:45:06,2025-04-23 12:43:06,16000053,5
15000054,14000054,2024-08-23 04:48:59,2024-08-25 05:02:59,16000054,6
15000055,14000055,2025-08-19 14:51:33,2025-08-22 05:48:33,16000055,4
15000056,14000056,2023-01-02 16:27:44,2023-01-06 09:06:44,16000056,6
15000057,14000057,2023-05-26 22:20:50,2023-05-30 12:55:50,16000057,5
15000058,14000058,2024-11-23 22:05:32,2024-11-25 18:54:32,16000058,4
15000059,14000059,2025-01-05 08:20:49,2025-01-08 18:00:49,16000059,4
15000060,14000060,2025-08-27 04:22:17,2025-08-30 12:30:17,16000060,6
15000061,14000061,2023-06-29 22:35:35,2023-07-02 18:39:35,16000061,4
15000062,14000062,2024-08-14 15:28:53,2024-08-17 00:37:53,16000062,2
15000063,14000063,2023-09-15 00:26:23,2023-09-16 11:30:23,16000063,6
15000064,14000064,2024-10-16 23:53:09,2024-10-19 01:15:09,16000064,4
15000065,14000065,2025-11-02 21:22:27,2025-11-06 23:15:27,16000065,6
15000066,14000066,2025-06-13 07:10:47,2025-06-15 12:20:47,16000066,1
15000067,14000067,2025-10-31 07:14:55,2025-11-03 21:34:55,16000067,4
15000068,14000068,2025-02-20 00:32:58,2025-02-22 18:49:58,16000068,5
15000069,14000069,2025-07-16 06:52:28,2025-07-19 06:29:28,16000069,1
15000070,14000070,2023-03-28 04:10:15,2023-04-01 13:16:15,16000070,6
15000071,14000071,2025-11-29 12:20:46,2025-12-02 19:32:46,16000071,5
15000072,14000072,2024-01-02 18:45:30,2024-01-06 19:33:30,16000072,1
15000073,14000073,2024-03-30 14:56:46,2024-04-02 04:51:46,16000073,4
15000074,14000074,2023-06-30 08:59:08,2023-07-04 23:16:08,16000074,3
15000075,14000075,2023-11-08 19:04:52,2023-11-11 02:54:52,16000075,6
15000076,14000076,2025-12-11 08:32:15,2025-12-14 01:53:15,16000076,1
15000077,14000077,2025-05-06 19:27:29,2025-05-09 21:26:29,16000077,4
15000078,14000078,2024-06-07 17:53:23,2024-06-11 01:12:23,16000078,3
15000079,14000079,2024-08-30 16:05:03,2024-09-03 18:23:03,16000079,5
15000080,14000080,2025-12-10 00:23:29,2025-12-14 16:37:29,16000080,4
15000081,14000081,2024-04-24 08:47:49,2024-04-26 02:30:49,16000081,1
15000082,14000082,2023-12-02 23:16:54,2023-12-06 02:48:54,16000082,6
15000083,14000083,2023-08-16 11:10:57,2023-08-19 13:41:57,16000083,3
15000084,14000084,2024-12-03 20:02:10,2024-12-06 21:34:10,16000084,2
15000085,14000085,2024-09-23 18:35:08,2024-09-25 16:06:08,16000085,2
15000086,14000086,2024-07-26 04:28:41,2024-07-29 01:46:41,16000086,6
15000087,14000087,2025-11-27 15:57:18,2025-11-30 18:11:18,16000087,4
15000088,14000088,2025-03-17 19:07:04,2025-03-20 03:01:04,16000088,3
15000089,14000089,2024-03-25 06:32:02,2024-03-28 23:39:02,16000089,1
15000090,14000090,2025-04-24 19:53:28,2025-04-28 14:23:28,16000090,5
15000091,14000091,2023-10-25 15:06:09,2023-10-27 17:24:09,16000091,4
15000092,14000092,2025-03-04 11:35:11,2025-03-09 03:21:11,16000092,2
15000093,14000093,2024-10-24 02:38:49,2024-10-26 16:09:49,16000093,1
15000094,14000094,2023-07-09 03:47:25,2023-07-13 03:57:25,16000094,1
15000095,14000095,2025-11-30 20:15:10,2025-12-05 23:18:10,16000095,4
15000096,14000096,2025-05-23 06:29:09,2025-05-24 21:11:09,16000096,3
15000097,14000097,2025-05-13 02:48:18,2025-05-15 13:15:18,16000097,6
15000098,14000098,2024-12-03 18:48:40,2024-12-07 06:37:40,16000098,4
15000099,14000099,2025-09-14 05:42:29,2025-09-17 02:24:29,16000099,5
15000100,14000100,2024-08-11 11:37:26,2024-08-14 01:06:26,16000100,6
15000101,14000101,2024-01-29 03:41:04,2024-02-01 04:50:04,16000101,5
15000102,14000102,2025-09-30 02:14:02,2025-10-04 11:51:02,16000102,6
15000103,14000103,2023-03-27 12:02:38,2023-03-30 23:57:38,16000103,6
15000104,14000104,2024-12-08 23:13:08,2024-12-10 21:45:08,16000104,4
15000105,14000105,2025-11-01 08:03:43,2025-11-05 03:20:43,16000105,2
15000106,14000106,2023-12-02 03:41:37,2023-12-04 16:25:37,16000106,2
15000107,14000107,2024-12-05 20:25:19,2024-12-08 10:57:19,16000107,2
15000108,14000108,2025-04-12 12:39:21,2025-04-15 15:48:21,16000108,3
15000109,14000109,2025-01-31 17:10:38,2025-02-04 20:50:38,16000109,4
15000110,14000110,2025-09-14 05:37:08,2025-09-15 23:54:08,16000110,3
15000111,14000111,2024-10-01 06:35:17,2024-10-05 20:17:17,16000111,5
15000112,14000112,2024-10-21 19:48:09,2024-10-25 04:53:09,16000112,2
15000113,14000113,2025-08-25 16:56:50,2025-08-28 06:35:50,16000113,4
15000114,14000114,2023-08-30 10:08:16,2023-09-03 04:21:16,16000114,2
15000115,14000115,2025-02-01 20:01:45,2025-02-06 03:25:45,16000115,5
15000116,14000116,2023-01-04 09:48:10,2023-01-08 13:28:10,16000116,3
15000117,14000117,2025-11-10 03:15:41,2025-11-12 13:40:41,16000117,1
15000118,14000118,2023-08-08 19:56:56,2023-08-12 03:26:56,16000118,1
15000119,14000119,2023-01-01 22:12:56,2023-01-04 09:36:56,16000119,3
15000120,14000120,2025-01-06 19:31:43,2025-01-11 18:16:43,16000120,4
15000121,14000121,2024-02-05 19:02:19,2024-02-09 06:24:19,16000121,2
15000122,14000122,2025-01-14 14:55:18,2025-01-18 02:33:18,16000122,2
15000123,14000123,2025-11-26 03:05:40,2025-11-30 20:42:40,16000123,3
15000124,14000124,2023-01-30 03:23:26,2023-02-03 21:56:26,16000124,1
15000125,14000125,2025-02-07 19:22:37,2025-02-10 02:17:37,16000125,5
15000126,14000126,2024-09-23 09:58:17,2024-09-27 09:48:17,16000126,4
15000127,14000127,2025-04-29 04:02:24,2025-04-30 13:14:24,16000127,6
15000128,14000128,2023-04-14 03:46:18,2023-04-16 18:06:18,16000128,4
15000129,14000129,2024-12-31 22:54:19,2025-01-03 02:00:19,16000129,1
15000130,14000130,2023-02-11 05:07:41,2023-02-15 03:44:41,16000130,6
15000131,14000131,2024-04-02 08:14:10,2024-04-04 15:17:10,16000131,3
15000132,14000132,2024-07-15 08:35:11,2024-07-18 02:09:11,16000132,6
15000133,14000133,2024-01-18 08:20:31,2024-01-21 06:08:31,16000133,3
15000134,14000134,2025-05-21 09:37:07,2025-05-24 10:36:07,16000134,4
15000135,14000135,2025-11-05 12:41:30,2025-11-08 16:04:30,16000135,4
15000136,14000136,2024-10-16 16:28:08,2024-10-19 05:01:08,16000136,1
15000137,14000137,2023-02-26 22:09:27,2023-03-02 17:20:27,16000137,4
15000138,14000138,2024-12-31 21:59:54,2025-01-04 09:15:54,16000138,2
15000139,14000139,2025-05-07 13:10:55,2025-05-10 01:12:55,16000139,2
15000140,14000140,2025-05-09 16:49:34,2025-05-13 11:40:34,16000140,1
15000141,14000141,2024-10-12 00:04:26,2024-10-15 14:17:26,16000141,3
15000142,14000142,2023-01-09 11:27:53,2023-01-11 00:05:53,16000142,3
15000143,14000143,2024-07-21 07:34:30,2024-07-25 16:21:30,16000143,3
15000144,14000144,2024-02-26 17:52:27,2024-03-01 17:43:27,16000144,5
15000145,14000145,2024-05-27 23:43:09,2024-05-31 17:25:09,16000145,2
15000146,14000146,2023-04-05 07:41:14,2023-04-09 08:47:14,16000146,1
15000147,14000147,2024-05-10 08:41:27,2024-05-14 06:21:27,16000147,1
15000148,14000148,2025-10-29 12:50:52,2025-11-03 00:32:52,16000148,1
15000149,14000149,2024-06-15 12:26:38,2024-06-19 03:03:38,16000149,4
15000150,14000150,2023-09-23 21:58:22,2023-09-27 20:44:22,16000150,5
15000151,14000151,2024-02-13 06:44:40,2024-02-15 10:36:40,16000151,3
15000152,14000152,2025-08-30 11:06:18,2025-09-03 05:24:18,16000152,4
15000153,14000153,2025-09-02 19:46:58,2025-09-06 16:21:58,16000153,3
15000154,14000154,2024-08-14 16:36:24,2024-08-18 20:26:24,16000154,5
15000155,14000155,2025-12-06 13:47:33,2025-12-10 13:23:33,16000155,2
15000156,14000156,2023-06-23 21:39:58,2023-06-27 12:28:58,16000156,6
15000157,14000157,2025-03-13 21:15:59,2025-03-18 14:39:59,16000157,4
15000158,14000158,2024-11-25 14:15:33,2024-11-27 16:58:33,16000158,5
15000159,14000159,2023-07-20 00:26:07,2023-07-23 00:51:07,16000159,4
15000160,14000160,2024-03-09 12:25:26,2024-03-13 21:17:26,16000160,1
15000161,14000161,2025-12-05 14:57:03,2025-12-10 03:52:03,16000161,4
15000162,14000162,2024-12-04 23:22:08,2024-12-09 01:58:08,16000162,5
15000163,14000163,2025-08-15 11:44:05,2025-08-18 19:09:05,16000163,3
15000164,14000164,2025-07-03 01:54:08,2025-07-05 13:21:08,16000164,5
15000165,14000165,2024-04-07 14:38:35,2024-04-10 03:03:35,16000165,2
15000166,14000166,2025-01-28 01:06:54,2025-01-31 05:38:54,16000166,4
15000167,14000167,2024-08-08 09:13:13,2024-08-10 04:05:13,16000167,6
15000168,14000168,2025-07-02 21:41:43,2025-07-05 20:31:43,16000168,6
15000169,14000169,2024-04-08 12:26:30,2024-04-12 06:38:30,16000169,4
15000170,14000170,2023-06-12 01:24:30,2023-06-14 20:19:30,16000170,1
15000171,14000171,2025-08-20 15:49:17,2025-08-24 11:59:17,16000171,4
15000172,14000172,2024-04-19 14:28:15,2024-04-23 14:34:15,16000172,6
15000173,14000173,2024-04-26 11:52:08,2024-04-28 22:11:08,16000173,4
15000174,14000174,2023-10-12 23:42:26,2023-10-16 18:29:26,16000174,2
15000175,14000175,2025-10-21 09:58:20,2025-10-25 16:17:20,16000175,3
15000176,14000176,2024-06-27 11:15:26,2024-07-02 01:01:26,16000176,5
15000177,14000177,2025-07-06 02:49:29,2025-07-08 12:09:29,16000177,5
15000178,14000178,2024-05-03 07:15:07,2024-05-05 12:25:07,16000178,5
15000179,14000179,2025-07-09 01:45:54,2025-07-12 19:12:54,16000179,3
15000180,14000180,2023-03-29 23:35:23,2023-04-02 15:12:23,16000180,2
15000181,14000181,2024-12-12 06:55:27,2024-12-13 15:44:27,16000181,3
15000182,14000182,2024-08-08 11:02:19,2024-08-12 18:43:19,16000182,5
15000183,14000183,2023-04-30 21:10:22,2023-05-03 06:17:22,16000183,2
15000184,14000184,2024-04-28 04:14:42,2024-05-02 13:33:42,16000184,5
15000185,14000185,2023-11-09 11:57:06,2023-11-12 00:47:06,16000185,4
15000186,14000186,2024-03-02 04:58:13,2024-03-04 20:49:13,16000186,2
15000187,14000187,2025-02-16 10:48:08,2025-02-20 05:17:08,16000187,2
15000188,14000188,2025-07-24 12:27:03,2025-07-28 18:54:03,16000188,5
15000189,14000189,2023-04-25 18:07:31,2023-04-30 02:34:31,16000189,2
15000190,14000190,2024-10-02 00:23:58,2024-10-05 20:11:58,16000190,1
15000191,14000191,2023-08-12 22:15:04,2023-08-16 23:59:04,16000191,4
15000192,14000192,2024-03-09 09:46:28,2024-03-13 20:18:28,16000192,4
15000193,14000193,2025-01-31 14:56:44,2025-02-05 07:40:44,16000193,3
15000194,14000194,2023-04-20 00:07:30,2023-04-22 18:24:30,16000194,3
15000195,14000195,2024-03-18 05:35:46,2024-03-22 14:21:46,16000195,4
15000196,14000196,2025-07-05 21:56:38,2025-07-08 15:16:38,16000196,3
15000197,14000197,2023-08-03 12:42:24,2023-08-05 12:43:24,16000197,1
15000198,14000198,2023-07-03 13:20:37,2023-07-05 18:11:37,16000198,5
15000199,14000199,2025-09-10 11:32:48,2025-09-14 00:11:48,16000199,4
990000121,990000111,2024-03-04 08:00:00,2024-03-07 12:00:00,,
990000122,990000112,2024-03-05 08:00:00,2024-03-08 12:00:00,,
990000123,990000113,2024-03-06 08:00:00,2024-03-09 12:00:00,,
990000124,990000114,2024-03-07 08:00:00,2024-03-10 12:00:00,,
990000221,990000211,2024-05-08 08:00:00,2024-05-11 12:00:00,,
990000222,990000212,2024-05-09 08:00:00,2024-05-12 12:00:00,,
990000223,990000213,2021-02-27 08:00:00,2021-03-02 12:00:00,,
990000224,990000214,2021-02-28 08:00:00,2021-03-03 12:00:00,,
990000321,990000311,2024-04-01 08:00:00,2024-04-08 12:00:00,,
990000421,990000411,2024-06-14 18:00:00,2024-06-17 12:00:00,,
990000521,990000511,2024-06-20 08:00:00,2024-06-23 12:00:00,,
990000621,990000611,2024-06-24 08:00:00,2024-06-27 12:00:00,,
990000721,990000711,2024-07-09 08:00:00,2024-07-12 12:00:00,,
990000821,990000811,2024-07-11 08:00:00,2024-07-14 12:00:00,,
990000921,990000911,2024-07-14 08:00:00,2024-07-17 12:00:00,,
990001021,990001011,2024-07-16 08:00:00,2024-07-19 12:00:00,,
990001121,990001111,2024-07-18 08:00:00,2024-07-21 12:00:00,,
990001221,990001211,2024-07-21 08:00:00,2024-07-24 12:00:00,,
990001321,990001311,2024-07-23 08:00:00,2024-07-26 12:00:00,,
990001421,990001411,2024-08-19 08:00:00,2024-08-23 12:00:00,,
990001621,990001611,2024-09-02 08:00:00,2024-09-05 12:00:00,,
990001721,990001711,2024-09-08 08:00:00,2024-09-11 12:00:00,,
990002300,990002100,2024-05-10 08:00:00,2024-05-13 12:00:00,,
990002301,990002101,2024-05-21 08:00:00,2024-05-24 12:00:00,,
990002302,990002102,2024-06-01 08:00:00,2024-06-04 12:00:00,,
990002303,990002103,2024-06-10 08:00:00,2024-06-13 12:00:00,,
990002304,990002104,2024-06-19 08:00:00,2024-06-22 12:00:00,,
990002305,990002105,2024-06-29 08:00:00,2024-07-02 12:00:00,,
990002306,990002106,2024-07-10 08:00:00,2024-07-13 12:00:00,,
990002307,990002107,2024-07-19 08:00:00,2024-07-22 12:00:00,,
990003300,990003100,2024-03-28 08:00:00,2024-03-31 12:00:00,,
990003301,990003101,2024-04-07 08:00:00,2024-04-10 12:00:00,,
990003302,990003102,2024-04-10 08:00:00,2024-04-13 12:00:00,,
990003303,990003103,2024-04-19 08:00:00,2024-04-22 12:00:00,,
990003304,990003104,2024-04-24 08:00:00,2024-04-27 12:00:00,,
990003305,990003104,2024-05-01 08:00:00,2024-05-04 12:00:00,,
990004300,990004100,2024-08-10 08:00:00,2024-08-13 12:00:00,,
990005200,990005100,2024-08-05 07:00:00,2024-08-09 12:00:00,,
