WARD_KEY,WARD_LABEL
16000000,Ward 1
16000001,Ward 2
16000002,Ward 3
16000003,Ward 4
16000004,Ward 5
16000005,Ward 6
16000006,Ward 7
16000007,Ward 8
16000008,Ward 9
16000009,Ward 10
16000010,Ward 11
16000011,Ward 12
16000012,Ward 13
16000013,Ward 14
16000014,Ward 15
16000015,Ward 16
16000016,Ward 17
16000017,Ward 18
16000018,Ward 19
16000019,Ward 20
16000020,Ward 21
16000021,Ward 22
16000022,Ward 23
16000023,Ward 24
16000024,Ward 25
16000025,Ward 26
16000026,Ward 27
16000027,Ward 28
16000028,Ward 29
16000029,Ward 30
16000030,Ward 31
16000031,Ward 32
16000032,Ward 33
16000033,Ward 34
16000034,Ward 35
16000035,Ward 36
16000036,Ward 37
16000037,Ward 38
16000038,Ward 39
16000039,Ward 40
16000040,Ward 41
16000041,Ward 42
16000042,Ward 43
16000043,Ward 44
16000044,Ward 45
16000045,Ward 46
16000046,Ward 47
16000047,Ward 48
16000048,Ward 49
16000049,Ward 50
16000050,Ward 51
16000051,Ward 52
16000052,Ward 53
16000053,Ward 54
16000054,Ward 55
16000055,Ward 56
16000056,Ward 57
16000057,Ward 58
16000058,Ward 59
16000059,Ward 60
16000060,Ward 61
16000061,Ward 62
16000062,Ward 63
16000063,Ward 64
16000064,Ward 65
16000065,Ward 66
16000066,Ward 67
16000067,Ward 68
16000068,Ward 69
16000069,Ward 70
16000070,Ward 71
16000071,Ward 72
16000072,Ward 73
16000073,Ward 74
16000074,Ward 75
16000075,Ward 76
16000076,Ward 77
16000077,Ward 78
16000078,Ward 79
16000079,Ward 80
16000080,Ward 81
16000081,Ward 82
16000082,Ward 83
16000083,Ward 84
16000084,Ward 85
16000085,Ward 86
16000086,Ward 87
16000087,Ward 88
16000088,Ward 89
16000089,Ward 90
16000090,Ward 91
16000091,Ward 92
16000092,Ward 93
16000093,Ward 94
16000094,Ward 95
16000095,Ward 96
16000096,Ward 97
16000097,Ward 98
16000098,Ward 99
16000099,Ward 100
16000100,Ward 101
16000101,Ward 102
16000102,Ward 103
16000103,Ward 104
16000104,Ward 105
16000105,Ward 106
16000106,Ward 107
16000107,Ward 108
16000108,Ward 109
16000109,Ward 110
16000110,Ward 111
16000111,Ward 112
16000112,Ward 113
16000113,Ward 114
16000114,Ward 115
16000115,Ward 116
16000116,Ward 117
16000117,Ward 118
16000118,Ward 119
16000119,Ward 120
16000120,Ward 121
16000121,Ward 122
16000122,Ward 123
16000123,Ward 124
16000124,Ward 125
16000125,Ward 126
16000126,Ward 127
16000127,Ward 128
16000128,Ward 129
16000129,Ward 130
16000130,Ward 131
16000131,Ward 132
16000132,Ward 133
16000133,Ward 134
16000134,Ward 135
16000135,Ward 136
16000136,Ward 137
16000137,Ward 138
16000138,Ward 139
16000139,Ward 140
16000140,Ward 141
16000141,Ward 142
16000142,Ward 143
16000143,Ward 144
16000144,Ward 145
16000145,Ward 146
16000146,Ward 147
16000147,Ward 148
16000148,Ward 149
16000149,Ward 150
16000150,Ward 151
16000151,Ward 152
16000152,Ward 153
16000153,Ward 154
16000154,Ward 155
16000155,Ward 156
16000156,Ward 157
16000157,Ward 158
16000158,Ward 159
16000159,Ward 160
16000160,Ward 161
16000161,Ward 162
16000162,Ward 163
16000163,Ward 164
16000164,Ward 165
16000165,Ward 166
16000166,Ward 167
16000167,Ward 168
16000168,Ward 169
16000169,Ward 170
16000170,Ward 171
16000171,Ward 172
16000172,Ward 173
16000173,Ward 174
16000174,Ward 175
16000175,Ward 176
16000176,Ward 177
16000177,Ward 178
16000178,Ward 179
16000179,Ward 180
16000180,Ward 181
16000181,Ward 182
16000182,Ward 183
16000183,Ward 184
16000184,Ward 185
16000185,Ward 186
16000186,Ward 187
16000187,Ward 188
16000188,Ward 189
16000189,Ward 190
16000190,Ward 191
16000191,Ward 192
16000192,Ward 193
16000193,Ward 194
16000194,Ward 195
16000195,Ward 196
16000196,Ward 197
16000197,Ward 198
16000198,Ward 199
16000199,Ward 200
