PROFILE,PROFILE_VERSION,DATE_PROFILED,OMOP_SCHEMA,SOURCE_COMPARED,
PROFILE,1,2026-10-04,dbo,Y,
CDM_SOURCE,CDM_VERSION,VOCABULARY_VERSION,CDM_VERSION_CONCEPT_ID,ROW_COUNT,
CDM_SOURCE,5.4,not loaded,756265,1,
CDM_TABLE,TABLE_NAME,PRESENT,ROW_COUNT_ROUNDED,KEY_TYPE,KEY_DIGITS
CDM_TABLE,care_site,Y,500,int,3
CDM_TABLE,cdm_source,Y,0,,
CDM_TABLE,cohort,Y,0,,
CDM_TABLE,cohort_definition,Y,0,,
CDM_TABLE,concept,Y,0,int,
CDM_TABLE,concept_ancestor,Y,0,,
CDM_TABLE,concept_class,Y,0,varchar,
CDM_TABLE,concept_relationship,Y,0,,
CDM_TABLE,concept_synonym,Y,0,,
CDM_TABLE,condition_era,Y,0,int,
CDM_TABLE,condition_occurrence,Y,490,int,3
CDM_TABLE,cost,Y,0,int,
CDM_TABLE,death,Y,10,,
CDM_TABLE,device_exposure,Y,0,int,
CDM_TABLE,domain,Y,0,varchar,
CDM_TABLE,dose_era,Y,0,int,
CDM_TABLE,drug_era,Y,0,int,
CDM_TABLE,drug_exposure,Y,300,int,3
CDM_TABLE,drug_strength,Y,0,,
CDM_TABLE,episode,Y,0,int,
CDM_TABLE,episode_event,Y,0,,
CDM_TABLE,fact_relationship,Y,0,,
CDM_TABLE,location,Y,0,int,
CDM_TABLE,measurement,Y,0,int,
CDM_TABLE,metadata,Y,0,int,
CDM_TABLE,note,Y,0,int,
CDM_TABLE,note_nlp,Y,0,int,
CDM_TABLE,observation,Y,0,int,
CDM_TABLE,observation_period,Y,490,int,3
CDM_TABLE,payer_plan_period,Y,0,int,
CDM_TABLE,person,Y,490,int,3
CDM_TABLE,procedure_occurrence,Y,340,int,3
CDM_TABLE,provider,Y,500,int,3
CDM_TABLE,relationship,Y,0,varchar,
CDM_TABLE,source_to_concept_map,Y,60,,
CDM_TABLE,specimen,Y,0,int,
CDM_TABLE,visit_detail,Y,0,int,
CDM_TABLE,visit_occurrence,Y,490,int,3
CDM_TABLE,vocabulary,Y,0,,
LOCAL_OBJECTS,TABLES_AND_VIEWS_NOT_IN_CDM,,,,
LOCAL_OBJECTS,0,,,,
CDM_FIELD_ABSENT,TABLE_NAME,FIELD_NAME,,,
CDM_FIELD_TYPE,TABLE_NAME,FIELD_NAME,CORE_TYPE,CDM_54_TYPE,
CDM_FIELD_LOCAL,TABLE_NAME,LOCAL_FIELD_COUNT,,,
TYPE_CONCEPT,TABLE_NAME,FIELD_NAME,TYPE_CONCEPT_ID,ROW_COUNT_ROUNDED,
TYPE_CONCEPT,drug_exposure,drug_type_concept_id,32818,300,
TYPE_CONCEPT,procedure_occurrence,procedure_type_concept_id,32817,340,
SOURCE_VALUE_SHAPE,CORE_FIELD,NON_EMPTY_ROUNDED,ALL_DIGITS_PERCENT,MIN_LENGTH,MAX_LENGTH
SOURCE_VALUE_SHAPE,provider.provider_source_value,500,100,8,8
SOURCE_VALUE_SHAPE,visit_occurrence.visit_source_value,490,100,8,8
SOURCE_KEY_MATCH,CORE_FIELD,SOURCE_KEY,DISTINCT_KEYS_ROUNDED,MATCHED_ROUNDED,MATCHED_PERCENT
SOURCE_KEY_MATCH,provider.provider_source_value,ANAES_STAFF.STAFF_KEY,500,500,100
SOURCE_KEY_MATCH,visit_occurrence.visit_source_value,DRUG_GIVEN.VISIT_KEY,500,490,98
SOURCE_KEY_MATCH,visit_occurrence.visit_source_value,OBS_SHEET.VISIT_KEY,500,490,98
SOURCE_KEY_MATCH,visit_occurrence.visit_source_value,THEATRE_CASE.VISIT_KEY,500,490,98
OBSERVATION_PERIOD,PERSONS_ROUNDED,PERSONS_WITH_PERIOD_ROUNDED,,,
OBSERVATION_PERIOD,490,490,,,
ERROR,SECTION,OBJECT,ERROR_NUMBER,,
