item_category,value_01,value_02,value_03,value_04,value_05
DATABASE,DB_NAME,DATETIME_PROFILED,PROFILE_TYPE,,
DATABASE,INVENTED_OMOP,2026-10-01 09:00:00.000,General db Profile,,
SCHEMA,SCHEMA_NAME,,,,
SCHEMA,omop,,,,
SCHEMA,staging,,,,
INDEX,SCHEMA,TABLE_NAME,INDEX_NAME,INDEX_COLUMNS,
INDEX,omop,person,ix_person,person_id, gender_concept_id,
TABLE_COLIMNS,SCHEMA,TABLE_NAME,COLUMN_ID,COLUMN_NAME,DATA_TYPE
TABLE_COLUMNS,omop,person,1,person_id,INT
TABLE_COLUMNS,omop,person,2,gender_concept_id,INT
TABLE_COLUMNS,omop,person,3,year_of_birth,INT
TABLE_COLUMNS,omop,person,4,month_of_birth,INT
TABLE_COLUMNS,omop,person,5,day_of_birth,INT
TABLE_COLUMNS,omop,person,6,birth_datetime,DATETIME2
TABLE_COLUMNS,omop,person,7,race_concept_id,INT
TABLE_COLUMNS,omop,person,8,ethnicity_concept_id,INT
TABLE_COLUMNS,omop,person,9,location_id,INT
TABLE_COLUMNS,omop,person,10,provider_id,INT
TABLE_COLUMNS,omop,person,11,care_site_id,INT
TABLE_COLUMNS,omop,person,12,person_source_value,VARCHAR(50)
TABLE_COLUMNS,omop,person,13,gender_source_value,VARCHAR(50)
TABLE_COLUMNS,omop,person,14,gender_source_concept_id,INT
TABLE_COLUMNS,omop,person,15,race_source_value,VARCHAR(50)
TABLE_COLUMNS,omop,person,16,race_source_concept_id,INT
TABLE_COLUMNS,omop,person,17,ethnicity_source_value,VARCHAR(50)
TABLE_COLUMNS,omop,person,18,ethnicity_source_concept_id,INT
TABLE_COLUMNS,omop,visit_occurrence,1,visit_occurrence_id,INT
TABLE_COLUMNS,omop,visit_occurrence,2,person_id,INT
TABLE_COLUMNS,omop,visit_occurrence,3,visit_concept_id,INT
TABLE_COLUMNS,omop,visit_occurrence,4,visit_start_date,DATE
TABLE_COLUMNS,omop,visit_occurrence,5,visit_start_datetime,DATETIME2
TABLE_COLUMNS,omop,visit_occurrence,6,visit_end_date,DATE
TABLE_COLUMNS,omop,visit_occurrence,7,visit_end_datetime,DATETIME2
TABLE_COLUMNS,omop,visit_occurrence,8,visit_type_concept_id,INT
TABLE_COLUMNS,omop,visit_occurrence,9,provider_id,INT
TABLE_COLUMNS,omop,visit_occurrence,10,care_site_id,INT
TABLE_COLUMNS,omop,visit_occurrence,11,visit_source_value,VARCHAR(50)
TABLE_COLUMNS,omop,visit_occurrence,12,visit_source_concept_id,INT
TABLE_COLUMNS,omop,visit_occurrence,13,admitting_source_concept_id,INT
TABLE_COLUMNS,omop,visit_occurrence,14,admitting_source_value,VARCHAR(50)
TABLE_COLUMNS,omop,visit_occurrence,15,discharge_to_concept_id,INT
TABLE_COLUMNS,omop,visit_occurrence,16,discharge_to_source_value,VARCHAR(50)
TABLE_COLUMNS,omop,visit_occurrence,17,preceding_visit_occurrence_id,INT
TABLE_COLUMNS,omop,measurement,1,measurement_id,BIGINT
TABLE_COLUMNS,omop,measurement,2,person_id,INT
TABLE_COLUMNS,omop,measurement,3,measurement_concept_id,INT
TABLE_COLUMNS,omop,measurement,4,measurement_date,DATE
TABLE_COLUMNS,omop,measurement,5,measurement_datetime,DATETIME2
TABLE_COLUMNS,omop,measurement,6,measurement_time,VARCHAR(10)
TABLE_COLUMNS,omop,measurement,7,measurement_type_concept_id,INT
TABLE_COLUMNS,omop,measurement,8,operator_concept_id,INT
TABLE_COLUMNS,omop,measurement,9,value_as_number,FLOAT
TABLE_COLUMNS,omop,measurement,10,value_as_concept_id,INT
TABLE_COLUMNS,omop,measurement,11,unit_concept_id,INT
TABLE_COLUMNS,omop,measurement,12,range_low,FLOAT
TABLE_COLUMNS,omop,measurement,13,range_high,FLOAT
TABLE_COLUMNS,omop,measurement,14,provider_id,INT
TABLE_COLUMNS,omop,measurement,15,visit_occurrence_id,INT
TABLE_COLUMNS,omop,measurement,16,visit_detail_id,INT
TABLE_COLUMNS,omop,measurement,17,measurement_source_value,VARCHAR(50)
TABLE_COLUMNS,omop,measurement,18,measurement_source_concept_id,INT
TABLE_COLUMNS,omop,measurement,19,unit_source_value,VARCHAR(50)
TABLE_COLUMNS,omop,measurement,20,value_source_value,VARCHAR(50)
TABLE_COLUMNS,omop,observation_period,1,observation_period_id,INT
TABLE_COLUMNS,omop,observation_period,2,person_id,INT
TABLE_COLUMNS,omop,observation_period,3,observation_period_start_date,DATE
TABLE_COLUMNS,omop,observation_period,4,observation_period_end_date,DATE
TABLE_COLUMNS,omop,observation_period,5,period_type_concept_id,INT
TABLE_COLUMNS,omop,provider,1,provider_id,INT
TABLE_COLUMNS,omop,provider,2,provider_name,VARCHAR(255)
TABLE_COLUMNS,omop,provider,3,npi,VARCHAR(20)
TABLE_COLUMNS,omop,provider,4,dea,VARCHAR(20)
TABLE_COLUMNS,omop,provider,5,specialty_concept_id,INT
TABLE_COLUMNS,omop,provider,6,care_site_id,INT
TABLE_COLUMNS,omop,provider,7,year_of_birth,INT
TABLE_COLUMNS,omop,provider,8,gender_concept_id,INT
TABLE_COLUMNS,omop,provider,9,provider_source_value,VARCHAR(50)
TABLE_COLUMNS,omop,provider,10,specialty_source_value,VARCHAR(50)
TABLE_COLUMNS,omop,provider,11,specialty_source_concept_id,INT
TABLE_COLUMNS,omop,provider,12,gender_source_value,VARCHAR(50)
TABLE_COLUMNS,omop,provider,13,gender_source_concept_id,INT
TABLE_COLUMNS,omop,person,99,zz_local_flag,DECIMAL(10,2)
TABLE_COLUMNS,omop,zz_local_extract,1,zz_local_key,INT
TABLE_COLUMNS,staging,zz_staging_table,1,zz_staging_key,INT
TABLES,SCHEMA,TABLE_NAME,ROW_CNTS,,
TABLES,omop,person,4.5 k,,
TABLES,omop,visit_occurrence,12.3 k,,
TABLES,omop,measurement,1.2 M,,
TABLES,omop,observation_period,4.5 k,,
TABLES,omop,provider,812,,
TABLES,omop,zz_local_extract,3.1 k,,
TABLES,staging,zz_staging_table,77,,
